"Date","Spotify Followers","Spotify Streams","Spotify Listeners","TikTok Followers","TikTok Likes","Youtube Subscribers","Youtube Views","Instagram Followers","Instagram Likes","Airplay Spins","Shazams","Facebook Followers","SoundCloud Followers","SoundCloud Plays","Deezer Followers"
"2023-03-27","2904","N/A","33520","N/A","N/A","N/A","N/A","426","N/A","N/A","N/A","N/A","289","N/A","N/A"
"2023-03-28","2905","N/A","33575","N/A","N/A","N/A","N/A","426","N/A","N/A","N/A","N/A","290","134","N/A"
"2023-03-29","2912","N/A","33603","N/A","N/A","N/A","N/A","426","N/A","N/A","N/A","N/A","290","N/A","N/A"
"2023-03-30","2916","N/A","33670","N/A","N/A","N/A","N/A","426","N/A","N/A","N/A","N/A","290","N/A","N/A"
"2023-03-31","2922","N/A","33686","N/A","N/A","10","N/A","425","N/A","N/A","N/A","N/A","290","106","N/A"
"2023-04-01","2922","N/A","33621","N/A","N/A","N/A","N/A","425","N/A","N/A","N/A","N/A","290","46","N/A"
"2023-04-02","2924","N/A","33600","N/A","N/A","N/A","N/A","425","N/A","N/A","N/A","N/A","290","N/A","N/A"
"2023-04-03","2927","N/A","33561","N/A","N/A","N/A","N/A","425","N/A","N/A","N/A","N/A","290","N/A","N/A"
"2023-04-04","2932","N/A","33740","N/A","N/A","N/A","N/A","427","N/A","N/A","N/A","N/A","290","126","N/A"
"2023-04-05","2935","N/A","33776","N/A","N/A","N/A","N/A","427","N/A","N/A","N/A","N/A","289","29","N/A"
"2023-04-06","2937","N/A","33617","N/A","N/A","N/A","N/A","427","N/A","N/A","N/A","N/A","289","N/A","N/A"
"2023-04-07","2938","N/A","33410","N/A","N/A","N/A","N/A","427","N/A","N/A","N/A","N/A","289","N/A","N/A"
"2023-04-08","2940","N/A","33287","N/A","N/A","N/A","N/A","427","N/A","N/A","N/A","N/A","289","129","N/A"
"2023-04-09","2941","N/A","33209","N/A","N/A","N/A","N/A","427","N/A","N/A","N/A","N/A","289","23","N/A"
"2023-04-10","2949","N/A","33162","N/A","N/A","N/A","N/A","428","N/A","N/A","N/A","N/A","289","N/A","N/A"
"2023-04-11","2951","N/A","33275","N/A","N/A","N/A","N/A","427","N/A","N/A","N/A","N/A","289","N/A","N/A"
"2023-04-12","2955","N/A","33410","N/A","N/A","N/A","N/A","427","N/A","N/A","N/A","N/A","289","97","N/A"
"2023-04-13","2961","N/A","33579","N/A","N/A","N/A","N/A","427","N/A","N/A","N/A","N/A","289","34","N/A"
"2023-04-14","2964","N/A","33756","N/A","N/A","N/A","N/A","428","N/A","N/A","N/A","N/A","289","N/A","N/A"
"2023-04-15","2966","N/A","34042","N/A","N/A","10","N/A","428","N/A","N/A","N/A","N/A","289","N/A","N/A"
"2023-04-16","2970","N/A","34271","N/A","N/A","10","N/A","428","N/A","N/A","N/A","N/A","290","136","N/A"
"2023-04-17","2973","N/A","34497","N/A","N/A","N/A","N/A","428","N/A","N/A","N/A","N/A","290","37","N/A"
"2023-04-18","2978","N/A","35221","N/A","N/A","N/A","N/A","428","N/A","N/A","N/A","N/A","290","N/A","N/A"
"2023-04-19","2981","N/A","35857","N/A","N/A","N/A","N/A","429","N/A","N/A","N/A","N/A","290","N/A","N/A"
"2023-04-20","2983","N/A","36123","N/A","N/A","N/A","N/A","429","N/A","N/A","N/A","N/A","290","134","N/A"
"2023-04-21","2987","N/A","36278","N/A","N/A","N/A","N/A","429","N/A","N/A","N/A","N/A","290","30","N/A"
"2023-04-22","2989","N/A","36710","N/A","N/A","N/A","N/A","429","N/A","N/A","N/A","N/A","290","N/A","N/A"
"2023-04-23","2990","N/A","36985","N/A","N/A","N/A","N/A","429","N/A","N/A","N/A","N/A","290","N/A","N/A"
"2023-04-24","2992","N/A","37212","N/A","N/A","N/A","N/A","430","N/A","N/A","N/A","N/A","291","135","N/A"
"2023-04-25","2994","N/A","37573","N/A","N/A","N/A","N/A","430","N/A","N/A","N/A","N/A","291","14","N/A"
"2023-04-26","2995","N/A","37879","N/A","N/A","N/A","N/A","430","N/A","N/A","N/A","N/A","291","N/A","N/A"
"2023-04-27","2997","N/A","38113","N/A","N/A","N/A","N/A","433","N/A","N/A","N/A","N/A","291","N/A","N/A"
"2023-04-28","3001","N/A","38192","N/A","N/A","N/A","N/A","433","N/A","N/A","N/A","N/A","291","144","N/A"
"2023-04-29","3002","N/A","38192","N/A","N/A","N/A","N/A","433","N/A","N/A","N/A","N/A","291","16","N/A"
"2023-04-30","3007","N/A","38150","N/A","N/A","N/A","N/A","433","N/A","N/A","N/A","N/A","291","N/A","N/A"
"2023-05-01","3011","N/A","38148","N/A","N/A","N/A","N/A","432","N/A","N/A","N/A","N/A","291","N/A","N/A"
"2023-05-02","3019","N/A","38163","N/A","N/A","N/A","N/A","432","N/A","N/A","N/A","N/A","291","166","N/A"
"2023-05-03","3021","N/A","38177","N/A","N/A","10","N/A","431","N/A","N/A","N/A","N/A","291","23","N/A"
"2023-05-04","3026","N/A","38308","N/A","N/A","N/A","N/A","431","N/A","N/A","N/A","N/A","291","N/A","N/A"
"2023-05-05","3029","N/A","38434","N/A","N/A","N/A","N/A","429","N/A","N/A","N/A","N/A","291","N/A","N/A"
"2023-05-06","3031","N/A","38574","N/A","N/A","N/A","N/A","429","N/A","N/A","N/A","N/A","291","146","N/A"
"2023-05-07","3031","N/A","38717","N/A","N/A","N/A","N/A","429","N/A","N/A","N/A","N/A","291","15","N/A"
"2023-05-08","3034","N/A","38755","N/A","N/A","N/A","N/A","429","N/A","N/A","N/A","N/A","291","N/A","N/A"
"2023-05-09","3033","N/A","38755","N/A","N/A","N/A","N/A","429","N/A","N/A","N/A","N/A","291","N/A","N/A"
"2023-05-10","3037","N/A","38755","N/A","N/A","N/A","N/A","429","N/A","N/A","N/A","N/A","291","138","N/A"
"2023-05-11","3040","N/A","39166","N/A","N/A","N/A","N/A","429","N/A","N/A","N/A","N/A","291","13","N/A"
"2023-05-12","3048","N/A","39166","N/A","N/A","N/A","N/A","429","N/A","N/A","N/A","N/A","291","N/A","N/A"
"2023-05-13","3052","N/A","38592","N/A","N/A","N/A","N/A","429","N/A","N/A","N/A","N/A","291","N/A","N/A"
"2023-05-14","3057","N/A","38332","N/A","N/A","N/A","N/A","429","N/A","N/A","N/A","N/A","291","119","N/A"
"2023-05-15","3060","N/A","38037","N/A","N/A","10","N/A","431","N/A","N/A","N/A","N/A","291","29","N/A"
"2023-05-16","3062","N/A","37657","N/A","N/A","N/A","N/A","431","N/A","N/A","N/A","N/A","291","N/A","N/A"
"2023-05-17","3068","N/A","37203","N/A","N/A","N/A","N/A","431","N/A","N/A","N/A","N/A","291","N/A","N/A"
"2023-05-18","3070","N/A","36846","N/A","N/A","N/A","N/A","430","N/A","N/A","N/A","N/A","291","139","N/A"
"2023-05-19","3073","N/A","36559","N/A","N/A","N/A","N/A","430","N/A","N/A","N/A","N/A","291","16","N/A"
"2023-05-20","3079","N/A","36043","N/A","N/A","N/A","N/A","430","N/A","N/A","N/A","N/A","291","N/A","N/A"
"2023-05-21","3085","N/A","35662","N/A","N/A","N/A","N/A","430","N/A","N/A","N/A","N/A","291","N/A","N/A"
"2023-05-22","3089","N/A","35184","N/A","N/A","N/A","N/A","431","N/A","N/A","N/A","N/A","291","N/A","N/A"
"2023-05-23","3095","N/A","34850","N/A","N/A","10","N/A","431","N/A","N/A","N/A","N/A","292","206","N/A"
"2023-05-24","3098","N/A","34418","N/A","N/A","N/A","N/A","431","N/A","N/A","N/A","N/A","292","N/A","N/A"
"2023-05-25","3101","N/A","33972","N/A","N/A","N/A","N/A","431","N/A","N/A","N/A","N/A","292","N/A","N/A"
"2023-05-26","3103","N/A","33694","N/A","N/A","N/A","N/A","431","N/A","N/A","N/A","N/A","292","N/A","N/A"
"2023-05-27","3108","N/A","33422","N/A","N/A","N/A","N/A","432","N/A","N/A","N/A","N/A","292","151","N/A"
"2023-05-28","3114","N/A","33261","N/A","N/A","N/A","N/A","432","N/A","N/A","N/A","N/A","293","10","N/A"
"2023-05-29","3118","N/A","33089","N/A","N/A","N/A","N/A","432","N/A","N/A","N/A","N/A","293","N/A","N/A"
"2023-05-30","3124","N/A","33069","N/A","N/A","N/A","N/A","432","N/A","N/A","N/A","N/A","293","N/A","N/A"
"2023-05-31","3128","N/A","32973","N/A","N/A","N/A","N/A","432","N/A","N/A","N/A","N/A","293","N/A","N/A"
"2023-06-01","3132","N/A","32790","N/A","N/A","N/A","N/A","432","N/A","N/A","N/A","N/A","293","158","N/A"
"2023-06-02","3136","N/A","32771","N/A","N/A","N/A","N/A","432","N/A","N/A","N/A","N/A","293","5","N/A"
"2023-06-03","3136","N/A","32636","N/A","N/A","N/A","N/A","432","N/A","N/A","N/A","N/A","293","N/A","N/A"
"2023-06-04","3140","N/A","32505","N/A","N/A","N/A","N/A","432","N/A","N/A","N/A","N/A","293","N/A","N/A"
"2023-06-05","3145","N/A","32371","N/A","N/A","N/A","N/A","432","N/A","N/A","N/A","N/A","293","89","N/A"
"2023-06-06","3150","N/A","32118","N/A","N/A","N/A","N/A","433","N/A","N/A","N/A","N/A","293","10","N/A"
"2023-06-07","3155","N/A","31885","N/A","N/A","N/A","N/A","433","N/A","N/A","N/A","N/A","293","N/A","N/A"
"2023-06-08","3157","N/A","31689","N/A","N/A","N/A","N/A","433","N/A","N/A","N/A","N/A","293","N/A","N/A"
"2023-06-09","3159","N/A","31638","N/A","N/A","N/A","N/A","434","N/A","N/A","N/A","N/A","293","N/A","N/A"
"2023-06-10","3163","N/A","31620","N/A","N/A","N/A","N/A","433","N/A","N/A","N/A","N/A","293","128","N/A"
"2023-06-11","3166","N/A","31586","N/A","N/A","N/A","N/A","433","N/A","N/A","N/A","N/A","294","26","N/A"
"2023-06-12","3169","N/A","31548","N/A","N/A","10","N/A","433","N/A","N/A","N/A","N/A","294","N/A","N/A"
"2023-06-13","3171","N/A","31591","N/A","N/A","N/A","N/A","433","N/A","N/A","N/A","N/A","294","N/A","N/A"
"2023-06-14","3174","N/A","31607","N/A","N/A","N/A","N/A","433","N/A","N/A","N/A","N/A","294","98","N/A"
"2023-06-15","3179","N/A","31685","N/A","N/A","N/A","N/A","434","N/A","N/A","N/A","N/A","294","34","N/A"
"2023-06-16","3189","N/A","31814","N/A","N/A","N/A","N/A","434","N/A","N/A","N/A","N/A","294","N/A","N/A"
"2023-06-17","3195","N/A","31858","N/A","N/A","N/A","N/A","435","N/A","N/A","N/A","N/A","294","N/A","N/A"
"2023-06-18","3198","N/A","31933","N/A","N/A","N/A","N/A","435","N/A","N/A","N/A","N/A","294","N/A","N/A"
"2023-06-19","3202","N/A","32089","N/A","N/A","N/A","N/A","435","N/A","N/A","N/A","N/A","294","91","N/A"
"2023-06-20","3202","N/A","32514","N/A","N/A","N/A","N/A","435","N/A","N/A","N/A","N/A","294","29","N/A"
"2023-06-21","3208","N/A","32763","N/A","N/A","N/A","N/A","437","N/A","N/A","N/A","N/A","294","N/A","N/A"
"2023-06-22","3213","N/A","32932","N/A","N/A","N/A","N/A","437","N/A","N/A","N/A","N/A","294","N/A","N/A"
"2023-06-23","3213","N/A","33028","N/A","N/A","N/A","N/A","437","N/A","N/A","N/A","N/A","294","N/A","N/A"
"2023-06-24","3217","N/A","33075","N/A","N/A","10","N/A","437","N/A","N/A","N/A","N/A","294","124","N/A"
"2023-06-25","3218","N/A","33106","N/A","N/A","N/A","N/A","437","N/A","N/A","N/A","N/A","294","N/A","N/A"
"2023-06-26","3223","N/A","33165","N/A","N/A","N/A","N/A","437","N/A","N/A","N/A","N/A","294","N/A","N/A"
"2023-06-27","3222","N/A","33135","N/A","N/A","N/A","N/A","437","N/A","N/A","N/A","N/A","294","N/A","N/A"
"2023-06-28","3225","N/A","33062","N/A","N/A","N/A","N/A","437","N/A","N/A","N/A","N/A","293","131","N/A"
"2023-06-29","3230","N/A","33055","N/A","N/A","N/A","N/A","437","N/A","N/A","N/A","N/A","293","N/A","N/A"
"2023-06-30","3232","N/A","33039","N/A","N/A","N/A","N/A","438","N/A","N/A","N/A","N/A","293","N/A","N/A"
"2023-07-01","3236","N/A","32926","N/A","N/A","N/A","N/A","438","N/A","N/A","N/A","N/A","293","N/A","N/A"
"2023-07-02","3241","N/A","32952","N/A","N/A","N/A","N/A","438","N/A","N/A","N/A","N/A","293","261","N/A"
"2023-07-03","3244","N/A","32913","N/A","N/A","N/A","N/A","438","N/A","N/A","N/A","N/A","293","30","N/A"
"2023-07-04","3246","N/A","33375","N/A","N/A","N/A","N/A","438","N/A","N/A","N/A","N/A","293","N/A","N/A"
"2023-07-05","3251","N/A","33725","N/A","N/A","N/A","N/A","438","N/A","N/A","N/A","N/A","293","N/A","N/A"
"2023-07-06","3253","N/A","33815","N/A","N/A","N/A","N/A","438","N/A","N/A","N/A","N/A","293","298","N/A"
"2023-07-07","3256","N/A","33827","N/A","N/A","N/A","N/A","438","N/A","N/A","N/A","N/A","293","30","N/A"
"2023-07-08","3260","N/A","33803","N/A","N/A","N/A","N/A","438","N/A","N/A","N/A","N/A","293","N/A","N/A"
"2023-07-09","3263","N/A","33908","N/A","N/A","N/A","N/A","438","N/A","N/A","N/A","N/A","293","N/A","N/A"
"2023-07-10","3264","N/A","33950","N/A","N/A","N/A","N/A","438","N/A","N/A","N/A","N/A","293","N/A","N/A"
"2023-07-11","3267","N/A","33977","N/A","N/A","N/A","N/A","438","N/A","N/A","N/A","N/A","293","304","N/A"
"2023-07-12","3270","N/A","33994","N/A","N/A","N/A","N/A","438","N/A","N/A","N/A","N/A","293","N/A","N/A"
"2023-07-13","3271","N/A","33997","N/A","N/A","N/A","N/A","437","N/A","N/A","N/A","N/A","293","N/A","N/A"
"2023-07-14","3272","N/A","33863","N/A","N/A","N/A","N/A","437","N/A","N/A","N/A","N/A","293","132","N/A"
"2023-07-15","3275","N/A","33833","N/A","N/A","N/A","N/A","437","N/A","N/A","N/A","N/A","293","16","N/A"
"2023-07-16","3280","N/A","33752","N/A","N/A","10","N/A","437","N/A","N/A","N/A","N/A","293","N/A","N/A"
"2023-07-17","3289","N/A","33642","N/A","N/A","N/A","N/A","439","N/A","N/A","N/A","N/A","293","N/A","N/A"
"2023-07-18","3294","N/A","33499","N/A","N/A","N/A","N/A","439","N/A","N/A","N/A","N/A","293","129","N/A"
"2023-07-19","3303","N/A","33475","N/A","N/A","N/A","N/A","439","N/A","N/A","N/A","N/A","293","54","N/A"
"2023-07-20","3304","N/A","33454","N/A","N/A","N/A","N/A","441","N/A","N/A","N/A","N/A","293","N/A","N/A"
"2023-07-21","3304","N/A","33402","N/A","N/A","N/A","N/A","441","N/A","N/A","N/A","N/A","293","N/A","N/A"
"2023-07-22","3306","N/A","33287","N/A","N/A","N/A","N/A","441","N/A","N/A","N/A","N/A","295","119","N/A"
"2023-07-23","3314","N/A","33327","N/A","N/A","N/A","N/A","441","N/A","N/A","N/A","N/A","295","3","N/A"
"2023-07-24","3321","N/A","33252","N/A","N/A","N/A","N/A","441","N/A","N/A","N/A","N/A","295","N/A","N/A"
"2023-07-25","3323","N/A","33543","N/A","N/A","N/A","N/A","443","N/A","N/A","N/A","N/A","295","N/A","N/A"
"2023-07-26","3327","N/A","33726","N/A","N/A","N/A","N/A","443","N/A","N/A","N/A","N/A","295","114","N/A"
"2023-07-27","3329","N/A","33819","N/A","N/A","N/A","N/A","443","N/A","N/A","N/A","N/A","295","15","N/A"
"2023-07-28","3335","N/A","33941","N/A","N/A","N/A","N/A","443","N/A","N/A","N/A","N/A","295","N/A","N/A"
"2023-07-29","3335","N/A","34043","N/A","N/A","N/A","N/A","441","N/A","N/A","N/A","N/A","295","N/A","N/A"
"2023-07-30","3345","N/A","34079","N/A","N/A","N/A","N/A","441","N/A","N/A","N/A","N/A","295","88","N/A"
"2023-07-31","3346","N/A","34086","N/A","N/A","N/A","N/A","441","N/A","N/A","N/A","N/A","295","7","N/A"
"2023-08-01","3351","N/A","34300","N/A","N/A","N/A","N/A","441","N/A","N/A","N/A","N/A","295","N/A","N/A"
"2023-08-02","3356","N/A","34406","N/A","N/A","10","N/A","441","N/A","N/A","N/A","N/A","295","N/A","N/A"
"2023-08-03","3364","N/A","34501","N/A","N/A","N/A","N/A","441","N/A","N/A","N/A","N/A","295","60","N/A"
"2023-08-04","3364","N/A","34434","N/A","N/A","N/A","N/A","441","N/A","N/A","N/A","N/A","295","6","N/A"
"2023-08-05","3368","N/A","34404","N/A","N/A","N/A","N/A","441","N/A","N/A","N/A","N/A","295","N/A","N/A"
"2023-08-06","3370","N/A","34273","N/A","N/A","N/A","N/A","442","N/A","N/A","N/A","N/A","295","N/A","N/A"
"2023-08-07","3372","N/A","34256","N/A","N/A","N/A","N/A","442","N/A","N/A","N/A","N/A","295","90","N/A"
"2023-08-08","3376","N/A","34349","N/A","N/A","N/A","N/A","442","12","N/A","N/A","N/A","295","10","N/A"
"2023-08-09","3379","N/A","34460","N/A","N/A","N/A","N/A","442","4","N/A","N/A","N/A","295","N/A","N/A"
"2023-08-10","3385","N/A","34509","N/A","N/A","N/A","N/A","442","N/A","N/A","N/A","N/A","295","N/A","N/A"
"2023-08-11","3388","N/A","34505","N/A","N/A","20","N/A","442","2","N/A","N/A","N/A","295","117","N/A"
"2023-08-12","3391","N/A","34464","N/A","N/A","N/A","N/A","442","N/A","N/A","N/A","N/A","295","13","N/A"
"2023-08-13","3395","N/A","34482","N/A","N/A","N/A","N/A","443","1","N/A","N/A","N/A","295","N/A","N/A"
"2023-08-14","3397","N/A","34507","N/A","N/A","N/A","N/A","443","N/A","N/A","N/A","N/A","295","N/A","N/A"
"2023-08-15","3401","N/A","34934","N/A","N/A","N/A","N/A","443","N/A","N/A","N/A","N/A","295","N/A","N/A"
"2023-08-16","3403","N/A","35248","N/A","N/A","N/A","N/A","443","N/A","N/A","N/A","N/A","295","N/A","N/A"
"2023-08-17","3409","N/A","35559","N/A","N/A","N/A","N/A","443","N/A","N/A","N/A","N/A","295","153","N/A"
"2023-08-18","3410","N/A","35837","N/A","N/A","N/A","N/A","443","N/A","N/A","N/A","N/A","295","N/A","N/A"
"2023-08-19","3413","N/A","36133","N/A","N/A","N/A","N/A","444","N/A","N/A","N/A","N/A","295","N/A","N/A"
"2023-08-20","3417","N/A","36272","N/A","N/A","N/A","N/A","444","N/A","N/A","N/A","N/A","295","93","N/A"
"2023-08-21","3419","N/A","36414","N/A","N/A","10","N/A","444","N/A","N/A","N/A","N/A","295","13","N/A"
"2023-08-22","3424","N/A","36791","N/A","N/A","N/A","N/A","443","12","N/A","N/A","N/A","295","N/A","N/A"
"2023-08-23","3429","N/A","37039","N/A","N/A","N/A","N/A","443","N/A","N/A","N/A","N/A","295","N/A","N/A"
"2023-08-24","3430","N/A","37359","N/A","N/A","N/A","N/A","444","N/A","N/A","N/A","N/A","295","N/A","N/A"
"2023-08-25","3432","N/A","37383","N/A","N/A","N/A","N/A","444","N/A","N/A","N/A","N/A","295","100","N/A"
"2023-08-26","3440","N/A","37372","N/A","N/A","N/A","N/A","444","N/A","N/A","N/A","N/A","295","N/A","N/A"
"2023-08-27","3443","N/A","37325","N/A","N/A","N/A","N/A","444","N/A","N/A","N/A","N/A","295","N/A","N/A"
"2023-08-28","3447","N/A","37308","N/A","N/A","N/A","N/A","444","N/A","N/A","N/A","N/A","295","N/A","N/A"
"2023-08-29","3450","N/A","37589","N/A","N/A","N/A","N/A","444","N/A","N/A","N/A","N/A","295","98","N/A"
"2023-08-30","3453","N/A","37725","N/A","N/A","N/A","N/A","445","1","N/A","N/A","N/A","295","N/A","N/A"
"2023-08-31","3462","N/A","37874","N/A","N/A","10","N/A","445","N/A","N/A","N/A","N/A","295","N/A","N/A"
"2023-09-01","3469","N/A","38124","N/A","N/A","N/A","N/A","446","N/A","N/A","N/A","N/A","295","N/A","N/A"
"2023-09-02","3471","N/A","38777","N/A","N/A","N/A","N/A","446","N/A","N/A","N/A","N/A","295","146","N/A"
"2023-09-03","3475","N/A","39324","N/A","N/A","N/A","N/A","446","N/A","N/A","N/A","N/A","295","25","N/A"
"2023-09-04","3479","N/A","39469","N/A","N/A","N/A","N/A","446","N/A","N/A","N/A","N/A","295","N/A","N/A"
"2023-09-05","3487","N/A","40100","N/A","N/A","N/A","N/A","447","N/A","N/A","N/A","N/A","295","N/A","N/A"
"2023-09-06","3495","N/A","40586","N/A","N/A","N/A","N/A","447","N/A","N/A","N/A","N/A","295","132","N/A"
"2023-09-07","3498","N/A","41146","N/A","N/A","N/A","N/A","447","N/A","N/A","N/A","N/A","295","34","N/A"
"2023-09-08","3497","N/A","41624","N/A","N/A","N/A","N/A","446","N/A","N/A","N/A","N/A","295","N/A","N/A"
"2023-09-09","3503","N/A","42027","N/A","N/A","10","N/A","446","N/A","N/A","N/A","N/A","295","N/A","N/A"
"2023-09-10","3506","N/A","42323","N/A","N/A","N/A","N/A","446","N/A","N/A","N/A","N/A","295","N/A","N/A"
"2023-09-11","3506","N/A","42573","N/A","N/A","N/A","N/A","446","N/A","N/A","N/A","N/A","296","130","N/A"
"2023-09-12","3514","N/A","43168","N/A","N/A","N/A","N/A","446","N/A","N/A","N/A","N/A","296","47","N/A"
"2023-09-13","3520","N/A","43392","N/A","N/A","N/A","N/A","446","N/A","N/A","N/A","N/A","296","N/A","N/A"
"2023-09-14","3526","N/A","43495","N/A","N/A","N/A","N/A","446","N/A","N/A","N/A","N/A","296","N/A","N/A"
"2023-09-15","3531","N/A","43542","N/A","N/A","N/A","N/A","446","N/A","N/A","N/A","N/A","296","N/A","N/A"
"2023-09-16","3535","N/A","43430","N/A","N/A","N/A","N/A","446","N/A","N/A","N/A","N/A","296","146","N/A"
"2023-09-17","3538","N/A","43287","N/A","N/A","N/A","N/A","446","N/A","N/A","N/A","N/A","296","18","N/A"
"2023-09-18","3543","N/A","43127","N/A","N/A","N/A","N/A","446","N/A","N/A","N/A","N/A","296","N/A","N/A"
"2023-09-19","3545","N/A","42863","N/A","N/A","N/A","N/A","448","N/A","N/A","N/A","N/A","296","N/A","N/A"
"2023-09-20","3554","N/A","42529","N/A","N/A","N/A","N/A","448","N/A","N/A","N/A","N/A","296","105","N/A"
"2023-09-21","3554","N/A","41981","N/A","N/A","N/A","N/A","449","1","N/A","N/A","N/A","296","13","N/A"
"2023-09-22","3558","N/A","41981","N/A","N/A","N/A","N/A","449","N/A","N/A","N/A","N/A","296","N/A","N/A"
"2023-09-23","3562","N/A","41421","N/A","N/A","N/A","N/A","449","N/A","N/A","N/A","N/A","296","N/A","N/A"
"2023-09-24","3566","N/A","41421","N/A","N/A","N/A","N/A","450","N/A","N/A","N/A","N/A","296","N/A","N/A"
"2023-09-25","3572","N/A","41097","N/A","N/A","N/A","N/A","450","N/A","N/A","N/A","N/A","296","N/A","N/A"
"2023-09-26","3579","N/A","42310","N/A","N/A","N/A","N/A","450","N/A","N/A","N/A","N/A","296","N/A","N/A"
"2023-09-27","3588","N/A","42926","N/A","N/A","N/A","N/A","450","N/A","N/A","N/A","N/A","296","153","N/A"
"2023-09-28","3593","N/A","43140","N/A","N/A","N/A","N/A","450","N/A","N/A","N/A","N/A","296","31","N/A"
"2023-09-29","3597","N/A","43407","N/A","N/A","10","N/A","450","N/A","N/A","N/A","N/A","296","N/A","N/A"
"2023-09-30","3602","N/A","43475","N/A","N/A","N/A","N/A","450","N/A","N/A","N/A","N/A","296","N/A","N/A"
"2023-10-01","3609","N/A","43402","N/A","N/A","N/A","N/A","451","N/A","N/A","N/A","N/A","296","N/A","N/A"
"2023-10-02","N/A","N/A","43539","N/A","N/A","N/A","N/A","N/A","N/A","N/A","N/A","N/A","N/A","N/A","N/A"
"2023-10-03","3619","N/A","44060","N/A","N/A","N/A","N/A","451","N/A","N/A","N/A","N/A","296","104","N/A"
"2023-10-04","3624","N/A","43796","N/A","N/A","N/A","N/A","451","N/A","N/A","N/A","N/A","296","18","N/A"
"2023-10-05","3625","N/A","43368","N/A","N/A","N/A","N/A","451","N/A","N/A","N/A","N/A","296","N/A","N/A"
"2023-10-06","3628","N/A","42792","N/A","N/A","N/A","N/A","450","N/A","N/A","N/A","N/A","296","N/A","N/A"
"2023-10-07","3631","N/A","42258","N/A","N/A","N/A","N/A","450","N/A","N/A","N/A","N/A","296","77","N/A"
"2023-10-08","3633","N/A","41880","N/A","N/A","N/A","N/A","450","N/A","N/A","N/A","N/A","296","37","N/A"
"2023-10-09","3635","N/A","41602","N/A","N/A","N/A","N/A","450","N/A","N/A","N/A","N/A","296","N/A","N/A"
"2023-10-10","3643","N/A","44854","N/A","N/A","N/A","N/A","451","N/A","N/A","N/A","N/A","296","N/A","N/A"
"2023-10-11","3663","N/A","46477","N/A","N/A","N/A","N/A","451","N/A","N/A","N/A","N/A","296","N/A","N/A"
"2023-10-12","3665","N/A","46786","N/A","N/A","N/A","N/A","451","N/A","N/A","N/A","N/A","296","96","N/A"
"2023-10-13","3669","N/A","46909","N/A","N/A","N/A","N/A","452","N/A","N/A","N/A","N/A","296","31","N/A"
"2023-10-14","3673","N/A","46920","N/A","N/A","N/A","N/A","452","N/A","N/A","N/A","N/A","296","N/A","N/A"
"2023-10-15","3674","N/A","46970","N/A","N/A","N/A","N/A","452","N/A","N/A","N/A","N/A","296","N/A","N/A"
"2023-10-16","3679","N/A","47146","N/A","N/A","N/A","N/A","452","N/A","N/A","N/A","N/A","296","N/A","N/A"
"2023-10-17","3682","N/A","49030","N/A","N/A","10","N/A","452","N/A","N/A","N/A","N/A","296","105","N/A"
"2023-10-18","3688","N/A","49917","N/A","N/A","N/A","N/A","453","N/A","N/A","N/A","N/A","296","18","N/A"
"2023-10-19","3691","N/A","50503","N/A","N/A","N/A","N/A","453","N/A","N/A","N/A","N/A","296","N/A","N/A"
"2023-10-20","3694","N/A","51070","N/A","N/A","N/A","N/A","453","N/A","N/A","N/A","N/A","296","N/A","N/A"
"2023-10-21","3700","N/A","51576","N/A","N/A","N/A","N/A","452","N/A","N/A","N/A","N/A","296","N/A","N/A"
"2023-10-22","3705","N/A","51948","N/A","N/A","N/A","N/A","452","N/A","N/A","N/A","N/A","296","130","N/A"
"2023-10-23","3708","N/A","52402","N/A","N/A","N/A","N/A","454","N/A","N/A","N/A","N/A","296","16","N/A"
"2023-10-24","3710","N/A","53215","N/A","N/A","N/A","N/A","454","N/A","N/A","N/A","N/A","296","N/A","N/A"
"2023-10-25","3717","N/A","53531","N/A","N/A","N/A","N/A","454","N/A","N/A","N/A","N/A","296","N/A","N/A"
"2023-10-26","3726","N/A","53665","N/A","N/A","N/A","N/A","454","N/A","N/A","N/A","N/A","296","N/A","N/A"
"2023-10-27","3730","N/A","53376","N/A","N/A","N/A","N/A","455","N/A","N/A","N/A","N/A","296","159","N/A"
"2023-10-28","3734","N/A","52717","N/A","N/A","10","N/A","455","N/A","N/A","N/A","N/A","296","20","N/A"
"2023-10-29","3740","N/A","52263","N/A","N/A","N/A","N/A","456","N/A","N/A","N/A","N/A","296","N/A","N/A"
"2023-10-30","3742","N/A","51823","N/A","N/A","N/A","N/A","456","N/A","N/A","N/A","N/A","296","N/A","N/A"
"2023-10-31","3747","N/A","51879","N/A","N/A","N/A","N/A","456","N/A","N/A","N/A","N/A","296","N/A","N/A"
"2023-11-01","3749","N/A","52133","N/A","N/A","N/A","N/A","456","N/A","N/A","N/A","N/A","296","111","N/A"
"2023-11-02","3752","N/A","52240","N/A","N/A","N/A","N/A","456","N/A","N/A","N/A","N/A","296","18","N/A"
"2023-11-03","3755","N/A","52344","N/A","N/A","N/A","N/A","456","N/A","N/A","N/A","N/A","296","N/A","N/A"
"2023-11-04","3757","N/A","52801","N/A","N/A","N/A","N/A","456","N/A","N/A","N/A","N/A","296","N/A","N/A"
"2023-11-05","3761","N/A","52970","N/A","N/A","N/A","N/A","456","N/A","N/A","N/A","N/A","296","N/A","N/A"
"2023-11-06","3764","N/A","53045","N/A","N/A","N/A","N/A","457","N/A","N/A","N/A","N/A","296","N/A","N/A"
"2023-11-07","3768","N/A","52109","N/A","N/A","N/A","N/A","457","N/A","N/A","N/A","N/A","296","141","N/A"
"2023-11-08","3767","N/A","51175","N/A","N/A","N/A","N/A","458","N/A","N/A","N/A","N/A","296","33","N/A"
"2023-11-09","3769","N/A","50790","N/A","N/A","N/A","N/A","458","N/A","N/A","N/A","N/A","296","N/A","N/A"
"2023-11-10","3773","N/A","50390","N/A","N/A","N/A","N/A","458","N/A","N/A","N/A","N/A","296","N/A","N/A"
"2023-11-11","3777","N/A","50112","N/A","N/A","N/A","N/A","458","N/A","N/A","N/A","N/A","296","N/A","N/A"
"2023-11-12","3782","N/A","49897","N/A","N/A","N/A","N/A","458","N/A","N/A","N/A","N/A","296","N/A","N/A"
"2023-11-13","3789","N/A","49556","N/A","N/A","N/A","N/A","458","N/A","N/A","N/A","N/A","296","120","N/A"
"2023-11-14","3791","N/A","50140","N/A","N/A","N/A","N/A","458","N/A","N/A","N/A","N/A","296","17","N/A"
"2023-11-15","3795","N/A","50274","N/A","N/A","N/A","N/A","458","N/A","N/A","N/A","N/A","296","N/A","N/A"
"2023-11-16","3798","N/A","50224","N/A","N/A","N/A","N/A","458","N/A","N/A","N/A","N/A","296","N/A","N/A"
"2023-11-17","3801","N/A","49921","N/A","N/A","N/A","N/A","460","N/A","N/A","N/A","N/A","296","N/A","N/A"
"2023-11-18","3802","N/A","49921","N/A","N/A","10","N/A","460","N/A","N/A","N/A","N/A","296","N/A","N/A"
"2023-11-19","3806","N/A","49921","N/A","N/A","N/A","N/A","460","N/A","N/A","N/A","N/A","296","141","N/A"
"2023-11-20","3812","N/A","48699","N/A","N/A","N/A","N/A","461","N/A","N/A","N/A","N/A","296","19","N/A"
"2023-11-21","3812","N/A","48341","N/A","N/A","N/A","N/A","461","N/A","N/A","N/A","N/A","296","N/A","N/A"
"2023-11-22","3816","N/A","48287","N/A","N/A","N/A","N/A","461","N/A","N/A","N/A","N/A","296","N/A","N/A"
"2023-11-23","3824","N/A","48173","N/A","N/A","N/A","N/A","463","N/A","N/A","N/A","N/A","296","N/A","N/A"
"2023-11-24","3828","N/A","47941","N/A","N/A","N/A","N/A","463","N/A","N/A","N/A","N/A","296","N/A","N/A"
"2023-11-25","3831","N/A","47742","N/A","N/A","10","N/A","463","N/A","N/A","N/A","N/A","296","154","N/A"
"2023-11-26","3832","N/A","47485","N/A","N/A","N/A","N/A","463","N/A","N/A","N/A","N/A","296","13","N/A"
"2023-11-27","3834","N/A","47362","N/A","N/A","N/A","N/A","464","N/A","N/A","N/A","N/A","296","N/A","N/A"
"2023-11-28","3837","N/A","47662","N/A","N/A","N/A","N/A","464","N/A","N/A","N/A","N/A","296","N/A","N/A"
"2023-11-29","3838","N/A","47766","N/A","N/A","N/A","N/A","464","N/A","N/A","N/A","N/A","296","N/A","N/A"
"2023-11-30","3843","N/A","47894","N/A","N/A","N/A","N/A","464","N/A","N/A","N/A","N/A","296","N/A","N/A"
"2023-12-01","3846","N/A","47982","N/A","N/A","N/A","N/A","464","N/A","N/A","N/A","N/A","296","133","N/A"
"2023-12-02","3846","N/A","47698","N/A","N/A","N/A","N/A","464","N/A","N/A","N/A","N/A","296","7","N/A"
"2023-12-03","3850","N/A","47440","N/A","N/A","10","N/A","464","N/A","N/A","N/A","N/A","296","N/A","N/A"
"2023-12-04","3852","N/A","47212","N/A","N/A","N/A","N/A","464","N/A","N/A","N/A","N/A","296","N/A","N/A"
"2023-12-05","3855","N/A","48155","N/A","N/A","N/A","N/A","464","N/A","N/A","N/A","N/A","296","N/A","N/A"
"2023-12-06","3858","N/A","48411","N/A","N/A","N/A","N/A","466","N/A","N/A","N/A","N/A","296","N/A","N/A"
"2023-12-07","3864","N/A","48386","N/A","N/A","N/A","N/A","466","N/A","N/A","N/A","N/A","297","125","N/A"
"2023-12-08","3867","N/A","48170","N/A","N/A","N/A","N/A","466","N/A","N/A","N/A","N/A","297","34","N/A"
"2023-12-09","3871","N/A","47855","N/A","N/A","N/A","N/A","466","N/A","N/A","N/A","N/A","297","N/A","N/A"
"2023-12-10","3875","N/A","47584","N/A","N/A","N/A","N/A","466","N/A","N/A","N/A","N/A","297","N/A","N/A"
"2023-12-11","3877","N/A","47172","N/A","N/A","N/A","N/A","466","N/A","N/A","N/A","N/A","297","N/A","N/A"
"2023-12-12","3882","N/A","46687","N/A","N/A","N/A","N/A","466","N/A","N/A","N/A","N/A","297","N/A","N/A"
"2023-12-13","3886","N/A","46048","N/A","N/A","N/A","N/A","466","N/A","N/A","N/A","N/A","297","161","N/A"
"2023-12-14","3886","N/A","45564","N/A","N/A","N/A","N/A","466","N/A","N/A","N/A","N/A","297","8","N/A"
"2023-12-15","3892","N/A","45226","N/A","N/A","10","N/A","466","N/A","N/A","N/A","N/A","297","N/A","N/A"
"2023-12-16","3893","N/A","44732","N/A","N/A","N/A","N/A","466","N/A","N/A","N/A","N/A","297","N/A","N/A"
"2023-12-17","3898","N/A","44346","N/A","N/A","N/A","N/A","466","N/A","N/A","N/A","N/A","297","N/A","N/A"
"2023-12-18","3900","N/A","43984","N/A","N/A","N/A","N/A","466","N/A","N/A","N/A","N/A","297","N/A","N/A"
"2023-12-19","3912","N/A","44449","N/A","N/A","N/A","N/A","466","N/A","N/A","N/A","N/A","297","N/A","N/A"
"2023-12-20","3918","N/A","44115","N/A","N/A","N/A","N/A","466","N/A","N/A","N/A","N/A","297","N/A","N/A"
"2023-12-21","3919","N/A","43813","N/A","N/A","N/A","N/A","466","N/A","N/A","N/A","N/A","297","N/A","N/A"
"2023-12-22","3919","N/A","43667","N/A","N/A","N/A","N/A","490","N/A","N/A","N/A","N/A","297","N/A","N/A"
"2023-12-23","3924","N/A","43562","N/A","N/A","N/A","N/A","490","N/A","N/A","N/A","N/A","297","N/A","N/A"
"2023-12-24","3926","N/A","43433","N/A","N/A","N/A","N/A","490","N/A","N/A","N/A","N/A","297","N/A","N/A"
"2023-12-25","3930","N/A","43071","N/A","N/A","N/A","N/A","490","N/A","N/A","N/A","N/A","297","N/A","N/A"
"2023-12-26","3932","N/A","42561","N/A","N/A","10","N/A","490","N/A","N/A","N/A","N/A","297","N/A","N/A"
"2023-12-27","3937","N/A","42212","N/A","N/A","N/A","N/A","490","N/A","N/A","N/A","N/A","297","N/A","N/A"
"2023-12-28","3940","N/A","41963","N/A","N/A","N/A","N/A","490","N/A","N/A","N/A","N/A","297","N/A","N/A"
"2023-12-29","3940","N/A","41728","N/A","N/A","N/A","N/A","490","N/A","N/A","N/A","N/A","297","N/A","N/A"
"2023-12-30","3945","N/A","41583","N/A","N/A","N/A","N/A","490","N/A","N/A","N/A","N/A","297","N/A","N/A"
"2023-12-31","3947","N/A","41529","N/A","N/A","N/A","N/A","490","N/A","N/A","N/A","N/A","298","383","N/A"
"2024-01-01","3951","N/A","41395","N/A","N/A","N/A","N/A","490","N/A","N/A","N/A","N/A","298","19","N/A"
"2024-01-02","3952","N/A","40940","N/A","N/A","N/A","N/A","490","N/A","N/A","N/A","N/A","298","N/A","N/A"
"2024-01-03","3959","N/A","41086","N/A","N/A","N/A","N/A","490","N/A","N/A","N/A","N/A","298","N/A","N/A"
"2024-01-04","3959","N/A","41192","N/A","N/A","N/A","N/A","490","N/A","N/A","N/A","N/A","298","N/A","N/A"
"2024-01-05","3957","N/A","41166","N/A","N/A","N/A","N/A","490","N/A","N/A","N/A","N/A","298","N/A","N/A"
"2024-01-06","3960","N/A","41243","N/A","N/A","N/A","N/A","490","N/A","N/A","N/A","N/A","298","N/A","N/A"
"2024-01-07","3965","N/A","41181","N/A","N/A","N/A","N/A","490","N/A","N/A","N/A","N/A","298","N/A","N/A"
"2024-01-08","3969","N/A","41132","N/A","N/A","N/A","N/A","490","N/A","N/A","N/A","N/A","298","159","N/A"
"2024-01-09","3976","N/A","41547","N/A","N/A","N/A","N/A","490","N/A","N/A","N/A","N/A","298","25","N/A"
"2024-01-10","3979","N/A","41780","N/A","N/A","10","N/A","490","N/A","N/A","N/A","N/A","298","N/A","N/A"
"2024-01-11","3981","N/A","41956","N/A","N/A","N/A","N/A","490","N/A","N/A","N/A","N/A","298","N/A","N/A"
"2024-01-12","3983","N/A","42015","N/A","N/A","N/A","N/A","490","N/A","N/A","N/A","N/A","298","N/A","N/A"
"2024-01-13","3985","N/A","42062","N/A","N/A","N/A","N/A","490","N/A","N/A","N/A","N/A","298","N/A","N/A"
"2024-01-14","3983","N/A","41976","N/A","N/A","N/A","N/A","490","N/A","N/A","N/A","N/A","298","N/A","N/A"
"2024-01-15","3987","N/A","41799","N/A","N/A","N/A","N/A","490","N/A","N/A","N/A","N/A","299","137","N/A"
"2024-01-16","3991","N/A","41348","N/A","N/A","10","N/A","497","N/A","N/A","N/A","N/A","299","23","N/A"
"2024-01-17","3992","N/A","41172","N/A","N/A","N/A","N/A","497","N/A","N/A","N/A","N/A","299","N/A","N/A"
"2024-01-18","3993","N/A","41096","N/A","N/A","N/A","N/A","497","N/A","N/A","N/A","N/A","299","N/A","N/A"
"2024-01-20","3995","N/A","40785","N/A","N/A","N/A","N/A","497","N/A","N/A","N/A","N/A","299","N/A","N/A"
"2024-01-21","4000","N/A","40798","N/A","N/A","N/A","N/A","499","N/A","N/A","N/A","N/A","299","N/A","N/A"
"2024-01-22","4005","N/A","40789","N/A","N/A","N/A","N/A","499","N/A","N/A","N/A","N/A","299","130","N/A"
"2024-01-23","4007","N/A","41364","N/A","N/A","10","N/A","499","N/A","N/A","N/A","N/A","299","13","N/A"
"2024-01-24","4013","N/A","41505","N/A","N/A","N/A","N/A","499","N/A","N/A","N/A","N/A","299","N/A","N/A"
"2024-01-25","4016","N/A","41438","N/A","N/A","N/A","N/A","499","N/A","N/A","N/A","N/A","299","N/A","N/A"
"2024-01-26","4022","N/A","41365","N/A","N/A","N/A","N/A","499","N/A","N/A","N/A","N/A","299","N/A","N/A"
"2024-01-27","4029","N/A","41532","N/A","N/A","N/A","N/A","499","N/A","N/A","N/A","N/A","299","N/A","N/A"
"2024-01-28","4029","N/A","41502","N/A","N/A","10","N/A","499","N/A","N/A","N/A","N/A","299","N/A","N/A"
"2024-01-29","4031","N/A","41445","N/A","N/A","N/A","N/A","499","N/A","N/A","N/A","N/A","295","131","N/A"
"2024-01-30","4031","N/A","41576","N/A","N/A","N/A","N/A","499","N/A","N/A","N/A","N/A","295","18","N/A"
"2024-01-31","4035","N/A","41214","N/A","N/A","N/A","N/A","499","N/A","N/A","N/A","N/A","295","N/A","N/A"
"2024-02-01","4041","N/A","40887","N/A","N/A","N/A","N/A","499","N/A","N/A","N/A","N/A","295","N/A","N/A"
"2024-02-02","4050","N/A","40566","N/A","N/A","N/A","N/A","499","N/A","N/A","N/A","N/A","295","N/A","N/A"
"2024-02-03","4057","N/A","40664","N/A","N/A","10","N/A","499","N/A","N/A","N/A","N/A","295","N/A","N/A"
"2024-02-04","4061","N/A","40578","N/A","N/A","N/A","N/A","499","N/A","N/A","N/A","N/A","295","N/A","N/A"
"2024-02-05","4069","N/A","40373","N/A","N/A","N/A","N/A","499","N/A","N/A","N/A","N/A","295","140","N/A"
"2024-02-06","4076","N/A","40406","N/A","N/A","N/A","N/A","499","N/A","N/A","N/A","N/A","295","28","N/A"
"2024-02-07","4079","N/A","40178","N/A","N/A","N/A","N/A","499","N/A","N/A","N/A","N/A","295","N/A","N/A"
"2024-02-08","4081","N/A","40002","N/A","N/A","N/A","N/A","499","N/A","N/A","N/A","N/A","295","N/A","N/A"
"2024-02-09","4088","N/A","39944","N/A","N/A","N/A","N/A","499","N/A","N/A","N/A","N/A","295","N/A","N/A"
"2024-02-10","4095","N/A","39797","N/A","N/A","N/A","N/A","499","N/A","N/A","N/A","N/A","295","N/A","N/A"
"2024-02-11","4101","N/A","39649","N/A","N/A","N/A","N/A","499","N/A","N/A","N/A","N/A","295","N/A","N/A"
"2024-02-12","4104","N/A","39471","N/A","N/A","N/A","N/A","499","N/A","N/A","N/A","N/A","295","156","N/A"
"2024-02-13","4112","N/A","39920","N/A","N/A","N/A","N/A","499","N/A","N/A","N/A","N/A","295","17","N/A"
"2024-02-14","4112","N/A","40190","N/A","N/A","N/A","N/A","499","N/A","N/A","N/A","N/A","295","N/A","N/A"
"2024-02-15","4122","N/A","40373","N/A","N/A","N/A","N/A","499","N/A","N/A","N/A","N/A","295","N/A","N/A"
"2024-02-16","4131","N/A","40440","N/A","N/A","N/A","N/A","499","N/A","N/A","N/A","N/A","295","N/A","N/A"
"2024-02-17","4131","N/A","40622","N/A","N/A","10","N/A","499","N/A","N/A","N/A","N/A","295","N/A","N/A"
"2024-02-19","4130","N/A","40337","N/A","N/A","N/A","N/A","499","N/A","N/A","N/A","N/A","295","N/A","N/A"
"2024-02-20","4141","N/A","40477","N/A","N/A","N/A","N/A","499","N/A","N/A","N/A","N/A","295","132","N/A"
"2024-02-21","4142","N/A","40559","N/A","N/A","N/A","N/A","499","N/A","N/A","N/A","N/A","295","12","N/A"
"2024-02-22","4149","N/A","40787","N/A","N/A","N/A","N/A","499","N/A","N/A","N/A","N/A","295","N/A","N/A"
"2024-02-23","4151","N/A","41109","N/A","N/A","N/A","N/A","499","N/A","N/A","N/A","N/A","295","N/A","N/A"
"2024-02-24","4154","N/A","40987","N/A","N/A","N/A","N/A","499","N/A","N/A","N/A","N/A","295","N/A","N/A"
"2024-02-25","4161","N/A","40938","N/A","N/A","N/A","N/A","499","N/A","N/A","N/A","N/A","295","N/A","N/A"
"2024-02-26","4164","N/A","40896","N/A","N/A","N/A","N/A","499","N/A","N/A","N/A","N/A","295","N/A","N/A"
"2024-02-27","4169","N/A","41838","N/A","N/A","N/A","N/A","499","N/A","N/A","N/A","N/A","295","N/A","N/A"
"2024-02-28","4173","N/A","42209","N/A","N/A","N/A","N/A","499","N/A","N/A","N/A","N/A","295","163","N/A"
"2024-02-29","4175","N/A","42459","N/A","N/A","10","N/A","499","N/A","N/A","N/A","N/A","295","11","N/A"
"2024-03-01","4176","N/A","42561","N/A","N/A","N/A","N/A","499","N/A","N/A","N/A","N/A","295","N/A","N/A"
"2024-03-02","4182","N/A","42336","N/A","N/A","N/A","N/A","499","N/A","N/A","N/A","N/A","295","N/A","N/A"
"2024-03-03","4184","N/A","42231","N/A","N/A","N/A","N/A","499","N/A","N/A","N/A","N/A","295","N/A","N/A"
"2024-03-04","4192","N/A","42416","N/A","N/A","N/A","N/A","499","N/A","N/A","N/A","N/A","295","N/A","N/A"
"2024-03-05","4195","N/A","42853","N/A","N/A","N/A","N/A","499","N/A","N/A","N/A","N/A","295","N/A","N/A"
"2024-03-06","4198","N/A","42977","N/A","N/A","N/A","N/A","499","N/A","N/A","N/A","N/A","295","N/A","N/A"
"2024-03-07","4199","N/A","42935","N/A","N/A","N/A","N/A","499","N/A","N/A","N/A","N/A","295","141","N/A"
"2024-03-08","4202","N/A","42723","N/A","N/A","N/A","N/A","499","N/A","N/A","N/A","N/A","295","19","N/A"
"2024-03-09","4205","N/A","42640","N/A","N/A","N/A","N/A","499","N/A","N/A","N/A","N/A","295","N/A","N/A"
"2024-03-10","4207","N/A","42621","N/A","N/A","N/A","N/A","499","N/A","N/A","N/A","N/A","295","N/A","N/A"
"2024-03-11","4208","N/A","42664","N/A","N/A","N/A","N/A","677","N/A","N/A","N/A","N/A","295","N/A","N/A"
"2024-03-12","4210","N/A","43032","N/A","N/A","N/A","N/A","677","N/A","N/A","N/A","N/A","295","N/A","N/A"
"2024-03-13","4215","N/A","43073","N/A","N/A","N/A","N/A","677","N/A","N/A","N/A","N/A","295","N/A","N/A"
"2024-03-14","4219","N/A","43050","N/A","N/A","10","N/A","677","N/A","N/A","N/A","N/A","295","N/A","N/A"
"2024-03-15","4227","N/A","43044","N/A","N/A","N/A","N/A","677","N/A","N/A","N/A","N/A","295","201","N/A"
"2024-03-16","4230","N/A","42851","N/A","N/A","N/A","N/A","677","N/A","N/A","N/A","N/A","295","11","N/A"
"2024-03-17","4232","N/A","42820","N/A","N/A","N/A","N/A","677","N/A","N/A","N/A","N/A","295","N/A","N/A"
"2024-03-18","4239","N/A","42781","N/A","N/A","N/A","N/A","677","N/A","N/A","N/A","N/A","295","N/A","N/A"
"2024-03-19","4239","N/A","43169","N/A","N/A","N/A","N/A","677","N/A","N/A","N/A","N/A","295","N/A","N/A"
"2024-03-20","4244","N/A","43239","N/A","N/A","N/A","N/A","677","N/A","N/A","N/A","N/A","295","N/A","N/A"
"2024-03-21","4247","N/A","43216","N/A","N/A","N/A","N/A","677","N/A","N/A","N/A","N/A","295","N/A","N/A"
"2024-03-22","4250","N/A","42866","N/A","N/A","10","N/A","677","N/A","N/A","N/A","N/A","295","N/A","N/A"
"2024-03-23","4252","N/A","42669","N/A","N/A","N/A","N/A","677","N/A","N/A","N/A","N/A","295","138","N/A"
"2024-03-24","4255","N/A","42484","N/A","N/A","N/A","N/A","677","N/A","N/A","N/A","N/A","295","10","N/A"
"2024-03-25","4261","N/A","42343","N/A","N/A","N/A","N/A","677","N/A","N/A","N/A","N/A","295","N/A","N/A"
"2024-03-26","4258","N/A","41998","N/A","N/A","N/A","N/A","677","N/A","N/A","N/A","N/A","295","N/A","N/A"
"2024-03-27","4265","N/A","41690","N/A","N/A","N/A","N/A","677","N/A","N/A","N/A","N/A","295","N/A","N/A"
"2024-03-28","4270","N/A","41379","N/A","N/A","10","N/A","677","N/A","N/A","N/A","N/A","295","N/A","N/A"
"2024-03-29","4274","N/A","41131","N/A","N/A","N/A","N/A","677","N/A","N/A","N/A","N/A","295","N/A","N/A"
"2024-03-30","4276","N/A","40962","N/A","N/A","N/A","N/A","677","N/A","N/A","N/A","N/A","295","N/A","N/A"
"2024-03-31","4280","N/A","40811","N/A","N/A","N/A","N/A","677","N/A","N/A","N/A","N/A","295","152","N/A"
"2024-04-01","4285","N/A","40460","N/A","N/A","N/A","N/A","677","N/A","N/A","N/A","N/A","295","13","N/A"
"2024-04-02","4287","N/A","40732","N/A","N/A","N/A","N/A","677","N/A","N/A","N/A","N/A","295","N/A","N/A"
"2024-04-03","4290","N/A","41107","N/A","N/A","N/A","N/A","677","N/A","N/A","N/A","N/A","295","N/A","N/A"
"2024-04-04","4294","N/A","41161","N/A","N/A","N/A","N/A","677","N/A","N/A","N/A","N/A","295","N/A","N/A"
"2024-04-05","4300","N/A","41089","N/A","N/A","N/A","N/A","677","N/A","N/A","N/A","N/A","295","N/A","N/A"
"2024-04-06","4304","N/A","41027","N/A","N/A","N/A","N/A","677","N/A","N/A","N/A","N/A","295","N/A","N/A"
"2024-04-07","4308","N/A","41009","N/A","N/A","N/A","N/A","712","N/A","N/A","N/A","N/A","295","N/A","N/A"
"2024-04-08","4314","N/A","41049","N/A","N/A","N/A","N/A","712","N/A","N/A","N/A","N/A","295","124","N/A"
"2024-04-09","4317","N/A","41353","N/A","N/A","N/A","N/A","712","N/A","N/A","N/A","N/A","295","15","N/A"
"2024-04-10","4319","N/A","41400","N/A","N/A","N/A","N/A","712","N/A","N/A","N/A","N/A","295","N/A","N/A"
"2024-04-11","4322","N/A","41273","N/A","N/A","N/A","N/A","712","N/A","N/A","N/A","N/A","295","N/A","N/A"
"2024-04-12","4326","N/A","41023","N/A","N/A","10","N/A","712","N/A","N/A","N/A","N/A","295","N/A","N/A"
"2024-04-13","4327","N/A","40809","N/A","N/A","N/A","N/A","711","N/A","N/A","N/A","N/A","295","N/A","N/A"
"2024-04-14","4329","N/A","40696","N/A","N/A","N/A","N/A","711","N/A","N/A","N/A","N/A","295","N/A","N/A"
"2024-04-15","4331","N/A","40520","N/A","N/A","N/A","N/A","711","N/A","N/A","N/A","N/A","295","N/A","N/A"
"2024-04-16","4334","N/A","40649","N/A","N/A","N/A","N/A","711","N/A","N/A","N/A","N/A","295","186","N/A"
"2024-04-17","4333","N/A","40687","N/A","N/A","N/A","N/A","711","N/A","N/A","N/A","N/A","295","9","N/A"
"2024-04-18","4334","N/A","40831","N/A","N/A","N/A","N/A","711","N/A","N/A","N/A","N/A","295","N/A","N/A"
"2024-04-19","4337","N/A","40901","N/A","N/A","N/A","N/A","711","N/A","N/A","N/A","N/A","295","N/A","N/A"
"2024-04-20","4340","N/A","40958","N/A","N/A","N/A","N/A","711","N/A","N/A","N/A","N/A","295","N/A","N/A"
"2024-04-21","4341","N/A","41000","N/A","N/A","N/A","N/A","711","N/A","N/A","N/A","N/A","295","N/A","N/A"
"2024-04-22","4341","N/A","41112","N/A","N/A","N/A","N/A","711","N/A","N/A","N/A","N/A","295","N/A","N/A"
"2024-04-23","4349","N/A","41359","N/A","N/A","N/A","N/A","711","N/A","N/A","N/A","N/A","295","N/A","N/A"
"2024-04-24","4349","N/A","41793","N/A","N/A","N/A","N/A","711","N/A","N/A","N/A","N/A","295","116","N/A"
"2024-04-25","4352","N/A","41944","N/A","N/A","10","N/A","711","N/A","N/A","N/A","N/A","295","18","N/A"
"2024-04-26","4355","N/A","41971","N/A","N/A","10","N/A","716","N/A","N/A","N/A","N/A","295","N/A","N/A"
"2024-04-27","4357","N/A","42031","N/A","N/A","N/A","N/A","716","N/A","N/A","N/A","N/A","295","N/A","N/A"
"2024-04-28","4362","N/A","41925","N/A","N/A","N/A","N/A","716","N/A","N/A","N/A","N/A","295","N/A","N/A"
"2024-04-29","4368","N/A","41834","N/A","N/A","N/A","N/A","716","N/A","N/A","N/A","N/A","295","N/A","N/A"
"2024-04-30","4371","N/A","42705","N/A","N/A","N/A","N/A","716","N/A","N/A","N/A","N/A","295","N/A","N/A"
"2024-05-01","4376","N/A","42982","N/A","N/A","N/A","N/A","716","N/A","N/A","N/A","N/A","295","N/A","N/A"
"2024-05-02","4379","N/A","43072","N/A","N/A","20","N/A","716","N/A","N/A","N/A","N/A","295","N/A","N/A"
"2024-05-03","4381","N/A","43109","N/A","N/A","N/A","N/A","716","N/A","N/A","N/A","N/A","295","152","N/A"
"2024-05-04","4390","N/A","43122","N/A","N/A","N/A","N/A","716","N/A","N/A","N/A","N/A","295","15","N/A"
"2024-05-05","4394","N/A","43084","N/A","N/A","N/A","N/A","716","N/A","N/A","N/A","N/A","295","N/A","N/A"
"2024-05-06","4399","N/A","42906","N/A","N/A","N/A","N/A","716","N/A","N/A","N/A","N/A","295","N/A","N/A"
"2024-05-07","4404","N/A","43285","N/A","N/A","N/A","N/A","716","N/A","N/A","N/A","N/A","295","N/A","N/A"
"2024-05-08","4408","N/A","43273","N/A","N/A","30","N/A","716","N/A","N/A","N/A","N/A","295","N/A","N/A"
"2024-05-09","4413","N/A","43355","N/A","N/A","N/A","N/A","716","N/A","N/A","N/A","N/A","295","N/A","N/A"
"2024-05-10","4415","N/A","43367","N/A","N/A","N/A","N/A","716","N/A","N/A","N/A","N/A","295","N/A","N/A"
"2024-05-11","4415","N/A","43322","N/A","N/A","N/A","N/A","716","N/A","N/A","N/A","N/A","295","N/A","N/A"
"2024-05-12","4416","N/A","43287","N/A","N/A","N/A","N/A","716","N/A","N/A","N/A","N/A","295","178","N/A"
"2024-05-13","4418","N/A","43236","N/A","N/A","N/A","N/A","716","N/A","N/A","N/A","N/A","295","24","N/A"
"2024-05-14","4420","N/A","43629","N/A","N/A","10","N/A","716","N/A","N/A","N/A","N/A","295","N/A","N/A"
"2024-05-15","4421","N/A","43709","N/A","N/A","N/A","N/A","716","N/A","N/A","N/A","N/A","295","N/A","N/A"
"2024-05-16","4422","N/A","43654","N/A","N/A","N/A","N/A","717","N/A","N/A","N/A","N/A","295","N/A","N/A"
"2024-05-18","N/A","N/A","N/A","N/A","N/A","N/A","N/A","N/A","N/A","N/A","N/A","N/A","N/A","N/A","N/A"
"2024-05-19","4435","N/A","43599","N/A","N/A","N/A","N/A","717","N/A","N/A","N/A","N/A","295","N/A","N/A"
"2024-05-20","4442","N/A","43627","N/A","N/A","10","N/A","717","N/A","N/A","N/A","N/A","295","156","N/A"
"2024-05-21","4446","N/A","44242","N/A","N/A","N/A","N/A","717","N/A","N/A","N/A","N/A","295","34","N/A"
"2024-05-22","4449","N/A","44328","N/A","N/A","N/A","N/A","717","N/A","N/A","N/A","N/A","295","N/A","N/A"
"2024-05-23","4451","N/A","44437","N/A","N/A","N/A","N/A","717","N/A","N/A","N/A","N/A","295","N/A","N/A"
"2024-05-24","4455","N/A","44503","N/A","N/A","N/A","N/A","717","N/A","N/A","N/A","N/A","295","N/A","N/A"
"2024-05-25","4459","N/A","44378","N/A","N/A","N/A","N/A","717","N/A","N/A","N/A","N/A","295","N/A","N/A"
"2024-05-26","4461","N/A","44300","N/A","N/A","N/A","N/A","717","N/A","N/A","N/A","N/A","295","N/A","N/A"
"2024-05-27","4462","N/A","44201","N/A","N/A","N/A","N/A","717","N/A","N/A","N/A","N/A","295","N/A","N/A"
"2024-05-28","4464","N/A","43609","N/A","N/A","N/A","N/A","717","N/A","N/A","N/A","N/A","295","N/A","N/A"
"2024-05-29","4467","N/A","43197","N/A","N/A","N/A","N/A","717","N/A","N/A","N/A","N/A","295","N/A","N/A"
"2024-05-30","4474","N/A","42913","N/A","N/A","N/A","N/A","717","N/A","N/A","N/A","N/A","295","172","N/A"
"2024-05-31","4479","N/A","42581","N/A","N/A","N/A","N/A","717","N/A","N/A","N/A","N/A","295","22","N/A"
"2024-06-01","4478","N/A","42154","N/A","N/A","N/A","N/A","717","N/A","N/A","N/A","N/A","295","N/A","N/A"
"2024-06-02","4482","N/A","41864","N/A","N/A","10","N/A","719","N/A","N/A","N/A","N/A","295","N/A","N/A"
"2024-06-03","4484","N/A","41516","N/A","N/A","N/A","N/A","719","N/A","N/A","N/A","N/A","295","N/A","N/A"
"2024-06-04","4488","N/A","41494","N/A","N/A","N/A","N/A","719","N/A","N/A","N/A","N/A","295","N/A","N/A"
"2024-06-05","4492","N/A","41506","N/A","N/A","N/A","N/A","719","N/A","N/A","N/A","N/A","295","N/A","N/A"
"2024-06-06","4493","N/A","41299","N/A","N/A","N/A","N/A","719","N/A","N/A","N/A","N/A","295","N/A","N/A"
"2024-06-07","4496","N/A","41050","N/A","N/A","N/A","N/A","719","N/A","N/A","N/A","N/A","295","N/A","N/A"
"2024-06-08","4500","N/A","40809","N/A","N/A","N/A","N/A","719","N/A","N/A","N/A","N/A","295","199","N/A"
"2024-06-09","4503","N/A","40594","N/A","N/A","N/A","N/A","719","N/A","N/A","N/A","N/A","295","10","N/A"
"2024-06-10","4504","N/A","40422","N/A","N/A","N/A","N/A","719","N/A","N/A","N/A","N/A","295","N/A","N/A"
"2024-06-11","4508","N/A","40215","N/A","N/A","N/A","N/A","719","N/A","N/A","N/A","N/A","295","N/A","N/A"
"2024-06-12","4514","N/A","39987","N/A","N/A","N/A","N/A","719","N/A","N/A","N/A","N/A","295","N/A","N/A"
"2024-06-14","4517","N/A","39571","N/A","N/A","N/A","N/A","719","N/A","N/A","N/A","N/A","295","N/A","N/A"
"2024-06-15","4518","N/A","39225","N/A","N/A","10","N/A","719","N/A","N/A","N/A","N/A","295","N/A","N/A"
"2024-06-16","4519","N/A","38893","N/A","N/A","N/A","N/A","719","N/A","N/A","N/A","N/A","295","N/A","N/A"
"2024-06-17","4522","N/A","38447","N/A","N/A","N/A","N/A","719","N/A","N/A","N/A","N/A","296","188","N/A"
"2024-06-18","4522","N/A","37862","N/A","N/A","N/A","N/A","719","N/A","N/A","N/A","N/A","296","13","N/A"
"2024-06-19","4522","N/A","37444","N/A","N/A","N/A","N/A","719","N/A","N/A","N/A","N/A","296","N/A","N/A"
"2024-06-20","4526","N/A","37187","N/A","N/A","N/A","N/A","729","14","N/A","N/A","N/A","296","N/A","N/A"
"2024-06-21","4526","N/A","36962","N/A","N/A","N/A","N/A","729","N/A","N/A","N/A","N/A","296","N/A","N/A"
"2024-06-22","4529","N/A","36765","N/A","N/A","N/A","N/A","729","N/A","N/A","N/A","N/A","296","N/A","N/A"
"2024-06-23","4524","N/A","36566","N/A","N/A","N/A","N/A","729","N/A","N/A","N/A","N/A","296","N/A","N/A"
"2024-06-24","4526","N/A","36429","N/A","N/A","N/A","N/A","729","N/A","N/A","N/A","N/A","296","N/A","N/A"
"2024-06-25","4532","N/A","36611","N/A","N/A","N/A","N/A","729","N/A","N/A","N/A","N/A","296","N/A","N/A"
"2024-06-26","4534","N/A","36769","N/A","N/A","N/A","N/A","729","N/A","N/A","N/A","N/A","295","197","N/A"
"2024-06-27","4538","N/A","36681","N/A","N/A","N/A","N/A","729","N/A","N/A","N/A","N/A","295","N/A","N/A"
"2024-06-28","4540","N/A","36687","N/A","N/A","N/A","N/A","729","N/A","N/A","N/A","N/A","295","N/A","N/A"
"2024-06-29","4541","N/A","36691","N/A","N/A","N/A","N/A","729","N/A","N/A","N/A","N/A","295","N/A","N/A"
"2024-06-30","4542","N/A","36598","N/A","N/A","10","N/A","729","N/A","N/A","N/A","N/A","295","N/A","N/A"
"2024-07-01","4545","N/A","36570","N/A","N/A","N/A","N/A","729","N/A","N/A","N/A","N/A","295","N/A","N/A"
"2024-07-02","4550","N/A","37369","N/A","N/A","N/A","N/A","729","N/A","N/A","N/A","N/A","295","N/A","N/A"
"2024-07-03","4555","N/A","37667","N/A","N/A","N/A","N/A","729","N/A","N/A","N/A","N/A","295","N/A","N/A"
"2024-07-04","4556","N/A","37931","N/A","N/A","N/A","N/A","729","N/A","N/A","N/A","N/A","295","140","N/A"
"2024-07-06","4558","N/A","38198","N/A","N/A","10","N/A","729","N/A","N/A","N/A","N/A","295","N/A","N/A"
"2024-07-07","4558","N/A","38257","N/A","N/A","N/A","N/A","729","N/A","N/A","N/A","N/A","295","N/A","N/A"
"2024-07-08","4571","N/A","38280","N/A","N/A","N/A","N/A","729","N/A","N/A","N/A","N/A","295","N/A","N/A"
"2024-07-09","4581","N/A","38923","N/A","N/A","N/A","N/A","729","N/A","N/A","N/A","N/A","295","N/A","N/A"
"2024-07-11","4598","N/A","39414","N/A","N/A","N/A","N/A","729","N/A","N/A","N/A","N/A","295","N/A","N/A"
"2024-07-12","4615","N/A","39565","N/A","N/A","N/A","N/A","729","N/A","N/A","N/A","N/A","295","N/A","N/A"
"2024-07-13","4632","N/A","39552","N/A","N/A","N/A","N/A","729","N/A","N/A","N/A","N/A","294","164","N/A"
"2024-07-14","4645","N/A","39552","N/A","N/A","10","N/A","729","N/A","N/A","N/A","N/A","294","11","N/A"
"2024-07-15","4657","N/A","39524","N/A","N/A","N/A","N/A","729","N/A","N/A","N/A","N/A","294","N/A","N/A"
"2024-07-16","4664","N/A","39826","N/A","N/A","N/A","N/A","729","N/A","N/A","N/A","N/A","294","N/A","N/A"
"2024-07-17","4677","N/A","40267","N/A","N/A","N/A","N/A","729","N/A","N/A","N/A","N/A","294","N/A","N/A"
"2024-07-18","4689","N/A","40342","N/A","N/A","N/A","N/A","729","N/A","N/A","N/A","N/A","294","N/A","N/A"
"2024-07-19","4699","N/A","40250","N/A","N/A","N/A","N/A","836","54","N/A","N/A","N/A","294","N/A","N/A"
"2024-07-20","4707","N/A","40286","N/A","N/A","10","N/A","836","N/A","N/A","N/A","N/A","294","N/A","N/A"
"2024-07-21","4707","N/A","40342","N/A","N/A","N/A","N/A","836","N/A","N/A","N/A","N/A","294","N/A","N/A"
"2024-07-22","4719","N/A","40342","N/A","N/A","N/A","N/A","836","N/A","N/A","N/A","N/A","294","135","N/A"
"2024-07-23","4726","N/A","40548","N/A","N/A","N/A","N/A","836","N/A","N/A","N/A","N/A","294","11","N/A"
"2024-07-24","4737","N/A","40350","N/A","N/A","N/A","N/A","836","N/A","N/A","N/A","N/A","294","N/A","N/A"
"2024-07-25","4737","N/A","40439","N/A","N/A","N/A","N/A","836","N/A","N/A","N/A","N/A","294","N/A","N/A"
"2024-07-26","4758","N/A","40439","N/A","N/A","10","N/A","836","N/A","N/A","N/A","N/A","294","N/A","N/A"
"2024-07-27","4766","N/A","40439","N/A","N/A","N/A","N/A","836","N/A","N/A","N/A","N/A","294","N/A","N/A"
"2024-07-28","4779","N/A","40439","N/A","N/A","N/A","N/A","836","N/A","N/A","N/A","N/A","294","N/A","N/A"
"2024-07-29","4799","N/A","40439","N/A","N/A","N/A","N/A","836","N/A","N/A","N/A","N/A","294","N/A","N/A"
"2024-07-30","4813","N/A","40070","N/A","N/A","N/A","N/A","836","N/A","N/A","N/A","N/A","294","N/A","N/A"
"2024-07-31","4833","N/A","39804","N/A","N/A","N/A","N/A","836","N/A","N/A","N/A","N/A","295","140","N/A"
"2024-08-01","4854","N/A","39804","N/A","N/A","N/A","N/A","836","N/A","N/A","N/A","N/A","295","12","N/A"
"2024-08-02","4887","N/A","42242","N/A","N/A","N/A","N/A","836","N/A","N/A","N/A","N/A","295","N/A","N/A"
"2024-08-03","4938","N/A","44473","N/A","N/A","N/A","N/A","836","N/A","N/A","N/A","N/A","295","N/A","N/A"
"2024-08-04","4961","N/A","45523","N/A","N/A","70","N/A","836","N/A","N/A","N/A","N/A","295","N/A","N/A"
"2024-08-05","4996","N/A","46331","N/A","N/A","10","N/A","836","N/A","N/A","N/A","N/A","295","N/A","N/A"
"2024-08-06","5027","N/A","47221","N/A","N/A","N/A","N/A","836","N/A","N/A","N/A","N/A","295","N/A","N/A"
"2024-08-07","5027","N/A","48241","N/A","N/A","N/A","N/A","836","N/A","N/A","N/A","N/A","295","N/A","N/A"
"2024-08-08","5068","N/A","49226","N/A","N/A","N/A","N/A","836","N/A","N/A","N/A","N/A","295","N/A","N/A"
"2024-08-09","5103","N/A","50716","N/A","N/A","N/A","N/A","836","N/A","N/A","N/A","N/A","295","147","N/A"
"2024-08-10","5130","N/A","51577","N/A","N/A","N/A","N/A","836","N/A","N/A","N/A","N/A","295","7","N/A"
"2024-08-11","5152","N/A","52646","N/A","N/A","40","N/A","836","N/A","N/A","N/A","N/A","295","N/A","N/A"
"2024-08-12","5173","N/A","53903","N/A","N/A","N/A","N/A","836","N/A","N/A","N/A","N/A","295","N/A","N/A"
"2024-08-13","5188","N/A","54676","N/A","N/A","N/A","N/A","836","N/A","N/A","N/A","N/A","295","N/A","N/A"
"2024-08-14","5201","N/A","55345","N/A","N/A","N/A","N/A","836","N/A","N/A","N/A","N/A","295","N/A","N/A"
"2024-08-15","5215","N/A","56290","N/A","N/A","N/A","N/A","836","N/A","N/A","N/A","N/A","295","N/A","N/A"
"2024-08-16","5234","N/A","60780","N/A","N/A","N/A","N/A","836","N/A","N/A","N/A","N/A","295","N/A","N/A"
"2024-08-17","5247","N/A","64148","N/A","N/A","N/A","N/A","836","N/A","N/A","N/A","N/A","295","N/A","N/A"
"2024-08-18","5257","N/A","66887","N/A","N/A","N/A","N/A","836","N/A","N/A","N/A","N/A","295","N/A","N/A"
"2024-08-19","5271","N/A","69193","N/A","N/A","N/A","N/A","836","N/A","N/A","N/A","N/A","295","152","N/A"
"2024-08-20","5280","N/A","69193","N/A","N/A","60","N/A","836","N/A","N/A","N/A","N/A","295","11","N/A"
"2024-08-21","5294","N/A","64487","N/A","N/A","10","N/A","836","N/A","N/A","N/A","N/A","295","N/A","N/A"
"2024-08-22","5315","N/A","65851","N/A","N/A","N/A","N/A","836","N/A","N/A","N/A","N/A","295","N/A","N/A"
"2024-08-23","5330","N/A","66436","N/A","N/A","N/A","N/A","836","N/A","N/A","N/A","N/A","295","N/A","N/A"
"2024-08-24","5359","N/A","67025","N/A","N/A","N/A","N/A","836","N/A","N/A","N/A","N/A","295","N/A","N/A"
"2024-08-25","5386","N/A","67877","N/A","N/A","N/A","N/A","836","N/A","N/A","N/A","N/A","295","N/A","N/A"
"2024-08-26","5432","N/A","68725","N/A","N/A","N/A","N/A","836","N/A","N/A","N/A","N/A","295","N/A","N/A"
"2024-08-27","5465","N/A","69873","N/A","N/A","60","N/A","836","N/A","N/A","N/A","N/A","295","N/A","N/A"
"2024-08-28","5483","N/A","70586","N/A","N/A","20","N/A","836","N/A","N/A","N/A","N/A","297","153","N/A"
"2024-08-29","5532","N/A","72300","N/A","N/A","N/A","N/A","836","N/A","N/A","N/A","N/A","297","10","N/A"
"2024-08-30","5574","N/A","74345","N/A","N/A","N/A","N/A","836","N/A","N/A","N/A","N/A","297","N/A","N/A"
"2024-08-31","5604","N/A","76392","N/A","N/A","N/A","N/A","836","N/A","N/A","N/A","N/A","297","N/A","N/A"
"2024-09-01","5651","N/A","79490","N/A","N/A","N/A","N/A","836","N/A","N/A","N/A","N/A","297","N/A","N/A"
"2024-09-02","5701","N/A","82476","N/A","N/A","N/A","N/A","836","N/A","N/A","N/A","N/A","297","N/A","N/A"
"2024-09-03","5738","N/A","85196","N/A","N/A","50","N/A","836","N/A","N/A","N/A","N/A","297","N/A","N/A"
"2024-09-04","5804","N/A","88026","N/A","N/A","20","N/A","836","N/A","N/A","N/A","N/A","297","N/A","N/A"
"2024-09-05","5851","N/A","91591","N/A","N/A","N/A","N/A","836","N/A","N/A","N/A","N/A","297","N/A","N/A"
"2024-09-06","5909","N/A","94298","N/A","N/A","N/A","N/A","836","N/A","N/A","N/A","N/A","297","166","N/A"
"2024-09-07","5962","N/A","96756","N/A","N/A","N/A","N/A","836","N/A","N/A","N/A","N/A","297","14","N/A"
"2024-09-08","6015","N/A","99568","N/A","N/A","N/A","N/A","836","N/A","N/A","N/A","N/A","297","N/A","N/A"
"2024-09-09","6081","N/A","101536","N/A","N/A","70","N/A","836","N/A","N/A","N/A","N/A","297","N/A","N/A"
"2024-09-10","6136","N/A","104986","N/A","N/A","N/A","N/A","836","N/A","N/A","N/A","N/A","297","N/A","N/A"
"2024-09-11","6195","N/A","107862","N/A","N/A","N/A","N/A","836","N/A","N/A","N/A","N/A","297","N/A","N/A"
"2024-09-12","6243","N/A","110589","N/A","N/A","N/A","N/A","836","N/A","N/A","N/A","N/A","297","N/A","N/A"
"2024-09-13","6278","N/A","112985","N/A","N/A","N/A","N/A","836","N/A","N/A","N/A","N/A","297","N/A","N/A"
"2024-09-14","6319","N/A","115548","N/A","N/A","N/A","N/A","836","N/A","N/A","N/A","N/A","297","N/A","N/A"
"2024-09-15","6363","N/A","117789","N/A","N/A","N/A","N/A","836","N/A","N/A","N/A","N/A","299","N/A","N/A"
"2024-09-16","6400","N/A","119559","N/A","N/A","60","N/A","836","N/A","N/A","N/A","N/A","299","N/A","N/A"
"2024-09-17","6432","N/A","121738","N/A","N/A","N/A","N/A","836","N/A","N/A","N/A","N/A","299","N/A","N/A"
"2024-09-18","6473","N/A","124243","N/A","N/A","N/A","N/A","836","N/A","N/A","N/A","N/A","299","N/A","N/A"
"2024-09-19","6524","N/A","126841","N/A","N/A","N/A","N/A","836","N/A","N/A","N/A","N/A","299","N/A","N/A"
"2024-09-20","6564","N/A","129496","N/A","N/A","N/A","N/A","836","N/A","N/A","N/A","N/A","299","N/A","N/A"
"2024-09-21","6613","N/A","132230","N/A","N/A","N/A","N/A","836","N/A","N/A","N/A","N/A","299","N/A","N/A"
"2024-09-22","6644","N/A","135088","N/A","N/A","30","N/A","836","N/A","N/A","N/A","N/A","299","N/A","N/A"
"2024-09-23","6670","N/A","137597","N/A","N/A","10","N/A","836","N/A","N/A","N/A","N/A","299","N/A","N/A"
"2024-09-24","6718","N/A","140128","N/A","N/A","N/A","N/A","836","N/A","N/A","N/A","N/A","300","N/A","N/A"
"2024-09-25","6767","N/A","142535","N/A","N/A","N/A","N/A","836","N/A","N/A","N/A","N/A","300","N/A","N/A"
"2024-09-26","6814","N/A","145423","N/A","N/A","N/A","N/A","836","N/A","N/A","N/A","N/A","300","N/A","N/A"
"2024-09-27","6856","N/A","146006","N/A","N/A","N/A","N/A","836","N/A","N/A","N/A","N/A","300","N/A","N/A"
"2024-09-28","6880","N/A","146833","N/A","N/A","N/A","N/A","836","N/A","N/A","N/A","N/A","300","N/A","N/A"
"2024-09-29","6940","N/A","147688","N/A","N/A","30","N/A","836","N/A","N/A","N/A","N/A","300","N/A","N/A"
"2024-09-30","6984","N/A","147793","N/A","N/A","10","N/A","836","N/A","N/A","N/A","N/A","300","N/A","N/A"
"2024-10-01","7020","N/A","148265","N/A","N/A","N/A","N/A","836","N/A","N/A","N/A","N/A","300","N/A","N/A"
"2024-10-02","7043","N/A","148202","N/A","N/A","N/A","N/A","836","N/A","N/A","N/A","N/A","300","N/A","N/A"
"2024-10-03","7080","N/A","148238","N/A","N/A","N/A","N/A","836","N/A","N/A","N/A","N/A","300","N/A","N/A"
"2024-10-04","7122","N/A","148544","N/A","N/A","N/A","N/A","836","N/A","N/A","N/A","N/A","300","N/A","N/A"
"2024-10-05","7156","N/A","149654","N/A","N/A","40","N/A","836","N/A","N/A","N/A","N/A","300","N/A","N/A"
"2024-10-06","7184","N/A","150090","N/A","N/A","10","N/A","836","N/A","N/A","N/A","N/A","300","N/A","N/A"
"2024-10-07","7213","N/A","150579","N/A","N/A","N/A","N/A","836","N/A","N/A","N/A","N/A","300","N/A","N/A"
"2024-10-08","7257","N/A","150756","N/A","N/A","N/A","N/A","836","N/A","N/A","N/A","N/A","300","N/A","N/A"
"2024-10-09","7300","N/A","151130","N/A","N/A","N/A","N/A","836","N/A","N/A","N/A","N/A","300","N/A","N/A"
"2024-10-10","7341","N/A","151065","N/A","N/A","N/A","N/A","836","N/A","N/A","N/A","N/A","300","N/A","N/A"
"2024-10-11","7384","N/A","150884","N/A","N/A","N/A","N/A","836","N/A","N/A","N/A","N/A","300","N/A","N/A"
"2024-10-12","7433","N/A","150789","N/A","N/A","40","N/A","836","N/A","N/A","N/A","N/A","300","N/A","N/A"
"2024-10-13","7488","N/A","151448","N/A","N/A","N/A","N/A","836","N/A","N/A","N/A","N/A","300","N/A","N/A"
"2024-10-14","7553","N/A","152727","N/A","N/A","N/A","N/A","836","N/A","N/A","N/A","N/A","301","N/A","N/A"
"2024-10-15","7599","N/A","153839","N/A","N/A","N/A","N/A","836","N/A","N/A","N/A","N/A","301","N/A","N/A"
"2024-10-16","7642","N/A","154781","N/A","N/A","N/A","N/A","836","N/A","N/A","N/A","N/A","301","N/A","N/A"
"2024-10-17","7642","N/A","155550","N/A","N/A","N/A","N/A","836","N/A","N/A","N/A","N/A","301","N/A","N/A"
"2024-10-18","7723","N/A","156805","N/A","N/A","N/A","N/A","836","N/A","N/A","N/A","N/A","301","N/A","N/A"
"2024-10-19","7778","N/A","157813","N/A","N/A","60","N/A","836","N/A","N/A","N/A","N/A","301","N/A","N/A"
"2024-10-20","7823","N/A","159394","N/A","N/A","20","N/A","836","N/A","N/A","N/A","N/A","301","N/A","N/A"
"2024-10-21","7884","N/A","161981","N/A","N/A","N/A","N/A","836","N/A","N/A","N/A","N/A","301","N/A","N/A"
"2024-10-22","7947","N/A","170372","N/A","N/A","N/A","N/A","836","N/A","N/A","N/A","N/A","301","N/A","N/A"
"2024-10-23","8012","N/A","173103","N/A","N/A","N/A","N/A","836","N/A","N/A","N/A","N/A","301","N/A","N/A"
"2024-10-24","8094","N/A","173103","N/A","N/A","N/A","N/A","836","N/A","N/A","N/A","N/A","302","N/A","N/A"
"2024-10-25","8163","N/A","173646","N/A","N/A","70","N/A","836","N/A","N/A","N/A","N/A","302","N/A","N/A"
"2024-10-26","8216","N/A","174256","N/A","N/A","30","N/A","836","N/A","N/A","N/A","N/A","302","N/A","N/A"
"2024-10-27","8261","N/A","174762","N/A","N/A","N/A","N/A","836","N/A","N/A","N/A","N/A","302","N/A","N/A"
"2024-10-28","53","138393","174762","N/A","N/A","30","5812","N/A","N/A","0","0","0","N/A","N/A","0"
"2024-10-28","8345","N/A","176131","N/A","N/A","N/A","N/A","836","N/A","N/A","N/A","N/A","302","N/A","N/A"
"2024-10-29","8440","N/A","176751","N/A","N/A","N/A","N/A","836","N/A","N/A","N/A","N/A","302","N/A","N/A"
"2024-10-30","8536","N/A","177862","N/A","N/A","N/A","N/A","836","N/A","N/A","N/A","N/A","302","N/A","N/A"
"2024-10-31","8622","N/A","178315","N/A","N/A","N/A","N/A","836","N/A","N/A","N/A","N/A","302","N/A","N/A"
"2024-11-01","8699","N/A","179138","N/A","N/A","N/A","N/A","836","N/A","N/A","N/A","N/A","303","N/A","N/A"
"2024-11-02","8779","N/A","179849","N/A","N/A","120","N/A","836","N/A","N/A","N/A","N/A","303","N/A","N/A"
"2024-11-03","8885","N/A","181277","N/A","N/A","10","N/A","836","N/A","N/A","N/A","N/A","303","N/A","N/A"
"2024-11-04","563","131381","181277","N/A","N/A","120","9664","N/A","N/A","0","0","980","1","N/A","26"
"2024-11-04","8970","N/A","182376","N/A","N/A","N/A","N/A","836","N/A","N/A","N/A","N/A","303","N/A","N/A"
"2024-11-05","9041","N/A","183057","N/A","N/A","N/A","N/A","836","N/A","N/A","N/A","N/A","303","N/A","N/A"
"2024-11-06","9095","N/A","183506","N/A","N/A","N/A","N/A","836","N/A","N/A","N/A","N/A","303","N/A","N/A"
"2024-11-07","9126","N/A","184530","N/A","N/A","N/A","N/A","836","N/A","N/A","N/A","N/A","303","N/A","N/A"
"2024-11-08","9153","N/A","185522","N/A","N/A","N/A","N/A","836","N/A","N/A","N/A","N/A","303","N/A","N/A"
"2024-11-09","9187","N/A","186459","N/A","N/A","50","N/A","836","N/A","N/A","N/A","N/A","303","N/A","N/A"
"2024-11-10","9219","N/A","187174","N/A","N/A","N/A","N/A","836","N/A","N/A","N/A","N/A","303","N/A","N/A"
"2024-11-11","408","129388","187174","N/A","N/A","60","5701","N/A","N/A","0","0","426","N/A","N/A","9"
"2024-11-11","9254","N/A","187101","N/A","N/A","N/A","N/A","836","N/A","N/A","N/A","N/A","303","N/A","N/A"
"2024-11-12","9254","N/A","186987","N/A","N/A","N/A","N/A","836","N/A","N/A","N/A","N/A","303","N/A","N/A"
"2024-11-13","9298","N/A","186497","N/A","N/A","N/A","N/A","836","N/A","N/A","N/A","N/A","303","N/A","N/A"
"2024-11-14","9323","N/A","186106","N/A","N/A","N/A","N/A","836","N/A","N/A","N/A","N/A","303","N/A","N/A"
"2024-11-15","9359","N/A","186047","N/A","N/A","N/A","N/A","836","N/A","N/A","N/A","N/A","303","N/A","N/A"
"2024-11-16","9387","N/A","186387","N/A","N/A","N/A","N/A","836","N/A","N/A","N/A","N/A","303","N/A","N/A"
"2024-11-17","9387","N/A","185918","N/A","N/A","70","N/A","836","N/A","N/A","N/A","N/A","303","N/A","N/A"
"2024-11-18","200","116728","185918","N/A","N/A","61","7932","N/A","N/A","0","0","308","N/A","N/A","4"
"2024-11-18","9443","N/A","184450","N/A","N/A","10","N/A","836","N/A","N/A","N/A","N/A","303","N/A","N/A"
"2024-11-19","9473","N/A","177539","N/A","N/A","N/A","N/A","836","N/A","N/A","N/A","N/A","303","N/A","N/A"
"2024-11-20","9504","N/A","175670","N/A","N/A","N/A","N/A","836","N/A","N/A","N/A","N/A","304","N/A","N/A"
"2024-11-21","9533","N/A","175519","N/A","N/A","N/A","N/A","836","N/A","N/A","N/A","N/A","304","N/A","N/A"
"2024-11-22","9563","N/A","175270","N/A","N/A","N/A","N/A","836","N/A","N/A","N/A","N/A","304","N/A","N/A"
"2024-11-23","9588","N/A","174958","N/A","N/A","N/A","N/A","836","N/A","N/A","N/A","N/A","304","N/A","N/A"
"2024-11-24","9613","N/A","174343","N/A","N/A","80","N/A","836","N/A","N/A","N/A","N/A","304","N/A","N/A"
"2024-11-25","201","114132","174343","N/A","N/A","85","11904","N/A","N/A","0","0","206","1","N/A","1"
"2024-11-25","9626","N/A","173583","N/A","N/A","20","N/A","836","N/A","N/A","N/A","N/A","304","N/A","N/A"
"2024-11-26","9650","N/A","172958","N/A","N/A","N/A","N/A","836","N/A","N/A","N/A","N/A","304","N/A","N/A"
"2024-11-27","9667","N/A","172145","N/A","N/A","N/A","N/A","836","N/A","N/A","N/A","N/A","304","N/A","N/A"
"2024-11-28","9684","N/A","171818","N/A","N/A","N/A","N/A","836","N/A","N/A","N/A","N/A","304","N/A","N/A"
"2024-11-29","9712","N/A","170482","N/A","N/A","N/A","N/A","836","N/A","N/A","N/A","N/A","304","N/A","N/A"
"2024-11-30","9752","N/A","167035","N/A","N/A","N/A","N/A","836","N/A","N/A","N/A","N/A","304","N/A","N/A"
"2024-12-01","9770","N/A","163168","N/A","N/A","640","N/A","836","N/A","N/A","N/A","N/A","304","N/A","N/A"
"2024-12-02","164","97036","163168","N/A","N/A","567","36183","N/A","N/A","0","0","117","N/A","N/A","6"
"2024-12-02","9793","N/A","159502","N/A","N/A","140","N/A","836","N/A","N/A","N/A","N/A","304","N/A","N/A"
"2024-12-03","9816","N/A","157138","N/A","N/A","N/A","N/A","836","N/A","N/A","N/A","N/A","304","N/A","N/A"
"2024-12-04","9847","N/A","154269","N/A","N/A","N/A","N/A","836","N/A","N/A","N/A","N/A","304","N/A","N/A"
"2024-12-05","9878","N/A","151768","N/A","N/A","N/A","N/A","836","N/A","N/A","N/A","N/A","304","N/A","N/A"
"2024-12-06","9915","N/A","149122","N/A","N/A","N/A","N/A","836","N/A","N/A","N/A","N/A","304","N/A","N/A"
"2024-12-07","9948","N/A","145965","N/A","N/A","N/A","N/A","836","N/A","N/A","N/A","N/A","304","N/A","N/A"
"2024-12-08","9973","N/A","142716","N/A","N/A","1410","N/A","6301","N/A","N/A","N/A","N/A","304","N/A","N/A"
"2024-12-09","196","73331","142716","N/A","N/A","1422","74065","4781","N/A","0","0","129","N/A","N/A","8"
"2024-12-09","10006","N/A","139694","N/A","N/A","130","N/A","6301","N/A","N/A","N/A","N/A","304","N/A","N/A"
"2024-12-10","10030","N/A","136840","N/A","N/A","N/A","N/A","6301","N/A","N/A","N/A","N/A","304","N/A","N/A"
"2024-12-11","10064","N/A","134288","N/A","N/A","N/A","N/A","6301","N/A","N/A","N/A","N/A","304","N/A","N/A"
"2024-12-12","10093","N/A","131561","N/A","N/A","N/A","N/A","6301","N/A","N/A","N/A","N/A","304","N/A","N/A"
"2024-12-13","10147","N/A","128661","N/A","N/A","N/A","N/A","6301","N/A","N/A","N/A","N/A","304","N/A","N/A"
"2024-12-14","10189","N/A","125406","N/A","N/A","N/A","N/A","6301","N/A","N/A","N/A","N/A","304","N/A","N/A"
"2024-12-15","10241","N/A","125406","N/A","N/A","980","N/A","6301","N/A","N/A","N/A","N/A","304","N/A","N/A"
"2024-12-16","241","63093","125406","N/A","N/A","1181","98805","684","N/A","0","0","287","N/A","N/A","6"
"2024-12-16","10283","N/A","118591","N/A","N/A","60","N/A","6301","N/A","N/A","N/A","N/A","304","N/A","N/A"
"2024-12-17","10331","N/A","115747","N/A","N/A","N/A","N/A","6301","N/A","N/A","N/A","N/A","304","N/A","N/A"
"2024-12-18","10344","N/A","112900","N/A","N/A","N/A","N/A","6301","N/A","N/A","N/A","N/A","304","N/A","N/A"
"2024-12-19","10374","N/A","112900","N/A","N/A","N/A","N/A","6301","N/A","N/A","N/A","N/A","304","N/A","N/A"
"2024-12-20","10414","N/A","112900","N/A","N/A","N/A","N/A","6301","N/A","N/A","N/A","N/A","305","N/A","N/A"
"2024-12-21","10460","N/A","103450","N/A","N/A","N/A","N/A","6301","N/A","N/A","N/A","N/A","306","N/A","N/A"
"2024-12-23","271","85711","103450","N/A","N/A","1074","94786","N/A","N/A","0","0","264","2","N/A","12"
"2024-12-23","10600","N/A","103450","N/A","N/A","130","N/A","6301","N/A","N/A","N/A","N/A","306","N/A","N/A"
"2024-12-24","10665","N/A","94443","N/A","N/A","N/A","N/A","6301","N/A","N/A","N/A","N/A","306","N/A","N/A"
"2024-12-25","10723","N/A","91296","N/A","N/A","N/A","N/A","6301","N/A","N/A","N/A","N/A","306","N/A","N/A"
"2024-12-26","10798","N/A","87283","N/A","N/A","N/A","N/A","6301","N/A","N/A","N/A","N/A","306","N/A","N/A"
"2024-12-27","10888","N/A","84474","N/A","N/A","N/A","N/A","6301","N/A","N/A","N/A","N/A","306","N/A","N/A"
"2024-12-28","10970","N/A","84013","N/A","N/A","N/A","N/A","6301","N/A","N/A","N/A","N/A","306","N/A","N/A"
"2024-12-29","11055","N/A","83929","N/A","N/A","N/A","N/A","6301","N/A","N/A","N/A","N/A","306","N/A","N/A"
"2024-12-30","510","71959","83929","N/A","N/A","942","13331","N/A","N/A","0","0","197","1","N/A","25"
"2024-12-30","11123","N/A","84219","N/A","N/A","900","N/A","6301","N/A","N/A","N/A","N/A","309","N/A","N/A"
"2024-12-31","11211","N/A","84020","N/A","N/A","120","N/A","6301","N/A","N/A","N/A","N/A","310","N/A","N/A"
"2025-01-01","11280","N/A","84078","N/A","N/A","N/A","N/A","6301","N/A","N/A","N/A","N/A","310","N/A","N/A"
"2025-01-02","11357","N/A","83728","N/A","N/A","N/A","N/A","6301","N/A","N/A","N/A","N/A","310","N/A","N/A"
"2025-01-03","11437","N/A","83783","N/A","N/A","N/A","N/A","6301","N/A","N/A","N/A","N/A","310","N/A","N/A"
"2025-01-04","11511","N/A","83722","N/A","N/A","N/A","N/A","6301","N/A","N/A","N/A","N/A","310","N/A","N/A"
"2025-01-05","11600","N/A","83892","N/A","N/A","N/A","N/A","6301","N/A","N/A","N/A","N/A","310","N/A","N/A"
"2025-01-06","541","84997","83892","N/A","N/A","673","110357","N/A","N/A","0","0","371","3","N/A","18"
"2025-01-06","11708","N/A","84071","N/A","N/A","N/A","N/A","6301","N/A","N/A","N/A","N/A","310","N/A","N/A"
"2025-01-07","11818","N/A","84875","N/A","N/A","520","N/A","6301","N/A","N/A","N/A","N/A","310","N/A","N/A"
"2025-01-08","11911","N/A","85545","N/A","N/A","70","N/A","6301","N/A","N/A","N/A","N/A","310","N/A","N/A"
"2025-01-09","11994","N/A","85904","N/A","N/A","N/A","N/A","6301","N/A","N/A","N/A","N/A","310","N/A","N/A"
"2025-01-10","12040","N/A","86127","N/A","N/A","N/A","N/A","6301","N/A","N/A","N/A","N/A","310","N/A","N/A"
"2025-01-11","12086","N/A","86246","N/A","N/A","N/A","N/A","6301","N/A","N/A","N/A","N/A","310","N/A","N/A"
"2025-01-12","12154","N/A","86782","N/A","N/A","N/A","N/A","6301","N/A","N/A","N/A","N/A","310","N/A","N/A"
"2025-01-13","575","99423","86782","N/A","N/A","465","57482","N/A","N/A","0","0","186","N/A","N/A","22"
"2025-01-13","12201","N/A","87059","N/A","N/A","N/A","N/A","6301","N/A","N/A","N/A","N/A","310","N/A","N/A"
"2025-01-14","12247","N/A","87247","N/A","N/A","N/A","N/A","6301","N/A","N/A","N/A","N/A","310","N/A","N/A"
"2025-01-15","12307","N/A","87405","N/A","N/A","N/A","N/A","6301","N/A","N/A","N/A","N/A","310","N/A","N/A"
"2025-01-16","12364","N/A","87928","N/A","N/A","460","N/A","6301","N/A","N/A","N/A","N/A","310","N/A","N/A"
"2025-01-17","12424","N/A","88405","N/A","N/A","100","N/A","6301","N/A","N/A","N/A","N/A","310","N/A","N/A"
"2025-01-18","12470","N/A","89174","N/A","N/A","N/A","N/A","6301","N/A","N/A","N/A","N/A","311","N/A","N/A"
"2025-01-19","12524","N/A","89391","N/A","N/A","N/A","N/A","6301","N/A","N/A","N/A","N/A","311","N/A","N/A"
"2025-01-20","384","99020","89391","N/A","N/A","455","60879","N/A","N/A","0","0","371","1","N/A","13"
"2025-01-20","12572","N/A","89318","N/A","N/A","N/A","N/A","6301","N/A","N/A","N/A","N/A","311","N/A","N/A"
"2025-01-21","12609","N/A","89968","N/A","N/A","N/A","N/A","6301","N/A","N/A","N/A","N/A","311","N/A","N/A"
"2025-01-22","12658","N/A","90663","N/A","N/A","N/A","N/A","6301","N/A","N/A","N/A","N/A","311","N/A","N/A"
"2025-01-23","12706","N/A","91782","N/A","N/A","400","N/A","6301","N/A","N/A","N/A","N/A","311","N/A","N/A"
"2025-01-24","12757","N/A","92508","N/A","N/A","N/A","N/A","6301","N/A","N/A","N/A","N/A","311","N/A","N/A"
"2025-01-25","12821","N/A","93219","N/A","N/A","N/A","N/A","6301","N/A","N/A","N/A","N/A","311","N/A","N/A"
"2025-01-26","12861","N/A","93419","N/A","N/A","N/A","N/A","6301","N/A","N/A","N/A","N/A","311","N/A","N/A"
"2025-01-27","351","92685","93419","N/A","N/A","435","47843","N/A","N/A","0","0","216","N/A","N/A","13"
"2025-01-27","12897","N/A","93472","N/A","N/A","N/A","N/A","6301","N/A","N/A","N/A","N/A","311","N/A","N/A"
"2025-01-28","12930","N/A","93790","N/A","N/A","N/A","N/A","6301","N/A","N/A","N/A","N/A","311","N/A","N/A"
"2025-01-29","12970","N/A","93989","N/A","N/A","N/A","N/A","6301","N/A","N/A","N/A","N/A","310","N/A","N/A"
"2025-01-30","13012","N/A","94964","N/A","N/A","N/A","N/A","6301","N/A","N/A","N/A","N/A","310","N/A","N/A"
"2025-01-31","13064","N/A","95871","N/A","N/A","400","N/A","6301","N/A","N/A","N/A","N/A","310","N/A","N/A"
"2025-02-01","13107","N/A","96860","N/A","N/A","100","N/A","6301","N/A","N/A","N/A","N/A","310","N/A","N/A"
"2025-02-02","13152","N/A","96968","N/A","N/A","N/A","N/A","6301","N/A","N/A","N/A","N/A","310","N/A","N/A"
"2025-02-03","286","92931","96968","N/A","N/A","400","54632","N/A","N/A","0","0","181","N/A","N/A","9"
"2025-02-03","13195","N/A","96880","N/A","N/A","N/A","N/A","6301","N/A","N/A","N/A","N/A","310","N/A","N/A"
"2025-02-04","13236","N/A","97030","N/A","N/A","N/A","N/A","6301","N/A","N/A","N/A","N/A","310","N/A","N/A"
"2025-02-05","13284","N/A","96554","N/A","N/A","N/A","N/A","6301","N/A","N/A","N/A","N/A","310","N/A","N/A"
"2025-02-06","13336","N/A","96391","N/A","N/A","N/A","N/A","6301","N/A","N/A","N/A","N/A","309","N/A","N/A"
"2025-02-07","13393","N/A","96328","N/A","N/A","N/A","N/A","6301","N/A","N/A","N/A","N/A","309","N/A","N/A"
"2025-02-08","13446","N/A","96308","N/A","N/A","300","N/A","6301","N/A","N/A","N/A","N/A","309","N/A","N/A"
"2025-02-09","13499","N/A","96582","N/A","N/A","N/A","N/A","6301","N/A","N/A","N/A","N/A","309","N/A","N/A"
"2025-02-10","339","90884","96582","N/A","N/A","300","51284","N/A","N/A","0","0","234","N/A","N/A","12"
"2025-02-10","13546","N/A","96900","N/A","N/A","N/A","N/A","6301","N/A","N/A","N/A","N/A","309","N/A","N/A"
"2025-02-11","13578","N/A","97286","N/A","N/A","N/A","N/A","6301","N/A","N/A","N/A","N/A","309","N/A","N/A"
"2025-02-12","13616","N/A","97240","N/A","N/A","N/A","N/A","6301","N/A","N/A","N/A","N/A","309","N/A","N/A"
"2025-02-13","13654","N/A","97253","N/A","N/A","N/A","N/A","6301","N/A","N/A","N/A","N/A","309","N/A","N/A"
"2025-02-14","13689","N/A","98325","N/A","N/A","N/A","N/A","6301","N/A","N/A","N/A","N/A","309","N/A","N/A"
"2025-02-15","13730","N/A","99162","N/A","N/A","N/A","N/A","6301","N/A","N/A","N/A","N/A","309","N/A","N/A"
"2025-02-16","13773","N/A","99381","N/A","N/A","300","N/A","6301","N/A","N/A","N/A","N/A","309","N/A","N/A"
"2025-02-17","284","91252","99381","N/A","N/A","262","50613","N/A","N/A","0","0","78","N/A","N/A","11"
"2025-02-17","13817","N/A","100059","N/A","N/A","N/A","N/A","6301","N/A","N/A","N/A","N/A","309","N/A","N/A"
"2025-02-18","13863","N/A","100804","N/A","N/A","N/A","N/A","6301","N/A","N/A","N/A","N/A","309","N/A","N/A"
"2025-02-19","13907","N/A","101554","N/A","N/A","N/A","N/A","6301","N/A","N/A","N/A","N/A","309","N/A","N/A"
"2025-02-20","13958","N/A","101994","N/A","N/A","N/A","N/A","6301","N/A","N/A","N/A","N/A","309","N/A","N/A"
"2025-02-21","14009","N/A","102478","N/A","N/A","N/A","N/A","6301","N/A","N/A","N/A","N/A","309","N/A","N/A"
"2025-02-22","14069","N/A","103809","N/A","N/A","N/A","N/A","6301","N/A","N/A","N/A","N/A","309","N/A","N/A"
"2025-02-23","14128","N/A","105733","N/A","N/A","N/A","N/A","6301","N/A","N/A","N/A","N/A","309","N/A","N/A"
"2025-02-24","339","105194","105733","N/A","N/A","338","0","N/A","N/A","0","0","213","N/A","N/A","11"
"2025-02-24","14174","N/A","106774","N/A","N/A","400","N/A","6301","N/A","N/A","N/A","N/A","309","N/A","N/A"
"2025-02-25","14222","N/A","109211","N/A","N/A","N/A","N/A","6301","N/A","N/A","N/A","N/A","309","N/A","N/A"
"2025-02-26","14265","N/A","110252","N/A","N/A","N/A","N/A","6301","N/A","N/A","N/A","N/A","311","N/A","N/A"
"2025-02-27","14314","N/A","111765","N/A","N/A","N/A","N/A","6301","N/A","N/A","N/A","N/A","311","N/A","N/A"
"2025-02-28","14357","N/A","112750","N/A","N/A","N/A","N/A","6301","N/A","N/A","N/A","N/A","311","N/A","N/A"
"2025-03-01","14393","N/A","112891","N/A","N/A","N/A","N/A","6301","N/A","N/A","N/A","N/A","311","N/A","N/A"
"2025-03-02","14440","N/A","114045","N/A","N/A","N/A","N/A","6301","N/A","N/A","N/A","N/A","311","N/A","N/A"
"2025-03-03","324","106938","114045","N/A","N/A","248","58404","N/A","N/A","0","0","194","2","N/A","8"
"2025-03-03","14440","N/A","115237","N/A","N/A","N/A","N/A","6301","N/A","N/A","N/A","N/A","311","N/A","N/A"
"2025-03-04","14514","N/A","116700","N/A","N/A","N/A","N/A","6301","N/A","N/A","N/A","N/A","311","N/A","N/A"
"2025-03-05","14561","N/A","117812","N/A","N/A","300","N/A","6301","N/A","N/A","N/A","N/A","311","N/A","N/A"
"2025-03-06","14592","N/A","119371","N/A","N/A","100","N/A","6301","N/A","N/A","N/A","N/A","311","N/A","N/A"
"2025-03-07","14621","N/A","120919","N/A","N/A","N/A","N/A","6301","N/A","N/A","N/A","N/A","311","N/A","N/A"
"2025-03-08","14663","N/A","122253","N/A","N/A","N/A","N/A","6301","N/A","N/A","N/A","N/A","311","N/A","N/A"
"2025-03-09","14694","N/A","122497","N/A","N/A","N/A","N/A","6301","N/A","N/A","N/A","N/A","311","N/A","N/A"
"2025-03-10","270","110866","122497","N/A","N/A","307","57616","N/A","N/A","0","315","39","N/A","N/A","9"
"2025-03-10","14729","N/A","122754","N/A","N/A","N/A","N/A","6301","N/A","N/A","N/A","N/A","311","N/A","N/A"
"2025-03-11","14770","N/A","124481","N/A","N/A","N/A","N/A","6301","N/A","N/A","N/A","N/A","311","N/A","N/A"
"2025-03-12","14807","N/A","126017","N/A","N/A","N/A","N/A","6301","N/A","N/A","N/A","N/A","311","N/A","N/A"
"2025-03-13","14836","N/A","127794","N/A","N/A","200","N/A","6301","N/A","N/A","N/A","N/A","311","N/A","N/A"
"2025-03-14","14875","N/A","127794","N/A","N/A","N/A","N/A","6301","N/A","N/A","N/A","N/A","311","N/A","N/A"
"2025-03-15","14919","N/A","130610","N/A","N/A","N/A","N/A","6301","N/A","N/A","N/A","N/A","311","N/A","N/A"
"2025-03-16","14919","N/A","130610","N/A","N/A","N/A","N/A","6301","N/A","N/A","N/A","N/A","311","N/A","N/A"
"2025-03-17","256","116791","130610","N/A","N/A","204","53784","N/A","N/A","0","630","110","N/A","N/A","9"
"2025-03-17","15044","N/A","131334","N/A","N/A","N/A","N/A","6301","N/A","N/A","N/A","N/A","311","N/A","N/A"
"2025-03-18","15044","N/A","131115","N/A","N/A","N/A","N/A","6301","N/A","N/A","N/A","N/A","311","N/A","N/A"
"2025-03-19","15128","N/A","131467","N/A","N/A","N/A","N/A","6301","N/A","N/A","N/A","N/A","311","N/A","N/A"
"2025-03-20","15128","N/A","132057","N/A","N/A","N/A","N/A","6301","N/A","N/A","N/A","N/A","311","N/A","N/A"
"2025-03-21","15274","N/A","132498","N/A","N/A","N/A","N/A","6301","N/A","N/A","N/A","N/A","311","N/A","N/A"
"2025-03-22","15332","N/A","134864","N/A","N/A","500","N/A","6301","N/A","N/A","N/A","N/A","311","N/A","N/A"
"2025-03-23","15382","N/A","136032","N/A","N/A","N/A","N/A","6301","N/A","N/A","N/A","N/A","311","N/A","N/A"
"2025-03-24","413","128368","136032","N/A","N/A","441","61774","N/A","N/A","0","565","206","N/A","N/A","8"
"2025-03-24","15382","N/A","137232","N/A","N/A","N/A","N/A","6301","N/A","N/A","N/A","N/A","311","N/A","N/A"
"2025-03-25","15494","N/A","139664","N/A","N/A","N/A","N/A","6301","N/A","N/A","N/A","N/A","311","N/A","N/A"
"2025-03-26","15569","N/A","141367","N/A","N/A","N/A","N/A","6301","N/A","N/A","N/A","N/A","311","N/A","N/A"
"2025-03-27","15632","N/A","143611","N/A","N/A","N/A","N/A","6301","N/A","N/A","N/A","N/A","311","N/A","N/A"
"2025-03-28","15632","N/A","145129","N/A","N/A","N/A","N/A","6301","N/A","N/A","N/A","N/A","311","N/A","N/A"
"2025-03-29","15707","N/A","147870","N/A","N/A","N/A","N/A","6301","N/A","N/A","N/A","N/A","311","N/A","N/A"
"2025-03-30","15762","N/A","149573","N/A","N/A","400","N/A","6301","N/A","N/A","N/A","N/A","311","N/A","N/A"
"2025-03-31","375","137681","149573","N/A","N/A","350","52115","N/A","N/A","0","1044","147","N/A","N/A","11"
"2025-03-31","15804","N/A","150162","N/A","N/A","N/A","N/A","6301","N/A","N/A","N/A","N/A","311","N/A","N/A"
"2025-04-01","15842","N/A","151239","N/A","N/A","N/A","N/A","6301","N/A","N/A","N/A","N/A","311","N/A","N/A"
"2025-04-02","15872","N/A","152414","N/A","N/A","N/A","N/A","6301","N/A","N/A","N/A","N/A","311","N/A","N/A"
"2025-04-03","15900","N/A","152938","N/A","N/A","N/A","N/A","6301","N/A","N/A","N/A","N/A","311","N/A","N/A"
"2025-04-04","15953","N/A","153181","N/A","N/A","N/A","N/A","6301","N/A","N/A","N/A","N/A","311","N/A","N/A"
"2025-04-05","16020","N/A","153978","N/A","N/A","N/A","N/A","6301","N/A","N/A","N/A","N/A","311","N/A","N/A"
"2025-04-06","16075","N/A","154936","N/A","N/A","300","N/A","17062","N/A","N/A","N/A","N/A","311","N/A","N/A"
"2025-04-07","313","133690","154936","N/A","N/A","307","49842","9415","114","0","0","76","N/A","N/A","15"
"2025-04-07","16132","N/A","155936","N/A","N/A","100","N/A","17130","152","N/A","N/A","N/A","311","N/A","N/A"
"2025-04-08","16176","N/A","156902","N/A","N/A","N/A","N/A","17176","44","N/A","N/A","N/A","311","N/A","N/A"
"2025-04-09","16234","N/A","156902","N/A","N/A","100","N/A","17232","36","N/A","N/A","N/A","311","N/A","N/A"
"2025-04-10","16281","N/A","156871","N/A","N/A","2400","N/A","17254","12","N/A","N/A","N/A","311","N/A","N/A"
"2025-04-11","16320","N/A","156850","N/A","N/A","N/A","N/A","17330","25","N/A","N/A","N/A","311","N/A","N/A"
"2025-04-12","16353","N/A","156752","N/A","N/A","100","N/A","17379","17","N/A","N/A","N/A","311","N/A","N/A"
"2025-04-13","16401","N/A","156925","N/A","N/A","N/A","N/A","17443","13","N/A","N/A","N/A","311","N/A","N/A"
"2025-04-14","333","86712","156925","N/A","N/A","2743","52350","1663","172","0","0","92","N/A","N/A","10"
"2025-04-14","16428","N/A","156700","N/A","N/A","100","N/A","17509","23","N/A","N/A","N/A","311","N/A","N/A"
"2025-04-15","16460","N/A","157332","N/A","N/A","N/A","N/A","17541","75","N/A","N/A","N/A","311","N/A","N/A"
"2025-04-16","16503","N/A","157358","N/A","N/A","100","N/A","17583","12","N/A","N/A","N/A","311","N/A","N/A"
"2025-04-17","16534","N/A","157311","N/A","N/A","N/A","N/A","17649","118","N/A","N/A","N/A","311","N/A","N/A"
"2025-04-18","16575","N/A","157570","N/A","N/A","100","N/A","17697","10","N/A","N/A","N/A","311","N/A","N/A"
"2025-04-19","16619","N/A","155579","N/A","N/A","N/A","N/A","17726","13","N/A","N/A","N/A","311","N/A","N/A"
"2025-04-20","16646","N/A","153702","N/A","N/A","100","N/A","17773","21","N/A","N/A","N/A","311","N/A","N/A"
"2025-04-21","266","90490","153702","N/A","N/A","350","53593","347","264","0","0","135","N/A","N/A","5"
"2025-04-21","16667","N/A","152821","N/A","N/A","100","N/A","17786","255","N/A","N/A","N/A","311","N/A","N/A"
"2025-04-22","16697","N/A","150181","N/A","N/A","100","N/A","17802","122","N/A","N/A","N/A","311","N/A","N/A"
"2025-04-23","16740","N/A","148713","N/A","N/A","N/A","N/A","17802","N/A","N/A","N/A","N/A","311","N/A","N/A"
"2025-04-24","16803","N/A","146372","N/A","N/A","100","N/A","17862","166","N/A","N/A","N/A","311","N/A","N/A"
"2025-04-25","16860","N/A","144465","N/A","N/A","N/A","N/A","17890","69","N/A","N/A","N/A","312","N/A","N/A"
"2025-04-26","16907","N/A","141921","N/A","N/A","100","N/A","17902","22","N/A","N/A","N/A","312","N/A","N/A"
"2025-04-27","16953","N/A","139754","N/A","N/A","100","N/A","17917","33","N/A","N/A","N/A","312","N/A","N/A"
"2025-04-28","288","73638","139754","N/A","N/A","450","72448","176","655","0","0","118","1","N/A","5"
"2025-04-28","16991","N/A","138224","N/A","N/A","N/A","N/A","17955","21","N/A","N/A","N/A","312","N/A","N/A"
"2025-04-29","17021","N/A","138151","N/A","N/A","N/A","N/A","17973","15","N/A","N/A","N/A","312","N/A","N/A"
"2025-04-30","17067","N/A","137394","N/A","N/A","100","N/A","17974","3","N/A","N/A","N/A","312","N/A","N/A"
"2025-05-01","17098","N/A","136475","N/A","N/A","N/A","N/A","17982","12","N/A","N/A","N/A","312","N/A","N/A"
"2025-05-02","17140","N/A","136475","N/A","N/A","100","N/A","17996","208","N/A","N/A","N/A","312","N/A","N/A"
"2025-05-03","17186","N/A","134255","N/A","N/A","100","N/A","18008","275","N/A","N/A","N/A","312","N/A","N/A"
"2025-05-04","17240","N/A","133438","N/A","N/A","N/A","N/A","18028","72","N/A","N/A","N/A","312","N/A","N/A"
"2025-05-05","279","207460","133438","N/A","N/A","400","63215","106","567","0","0","164","N/A","N/A","6"
"2025-05-05","17320","N/A","132666","N/A","N/A","100","N/A","18043","23","N/A","N/A","N/A","312","N/A","N/A"
"2025-05-06","17378","N/A","132666","N/A","N/A","N/A","N/A","18062","33","N/A","N/A","N/A","312","N/A","N/A"
"2025-05-07","17423","N/A","132712","N/A","N/A","N/A","N/A","18067","9","N/A","N/A","N/A","312","N/A","N/A"
"2025-05-08","17469","N/A","132712","N/A","N/A","100","N/A","18067","N/A","N/A","N/A","N/A","312","N/A","N/A"
"2025-05-09","17528","N/A","132119","N/A","N/A","N/A","N/A","18067","N/A","N/A","N/A","N/A","312","N/A","N/A"
"2025-05-10","17573","N/A","131143","N/A","N/A","100","N/A","18067","N/A","N/A","N/A","N/A","312","N/A","N/A"
"2025-05-11","17625","N/A","130767","N/A","N/A","N/A","N/A","18113","233","N/A","N/A","N/A","312","N/A","N/A"
"2025-05-12","387","84212","130767","N/A","N/A","300","52454","93","311","0","0","312","N/A","N/A","6"
"2025-05-12","17667","N/A","130227","N/A","N/A","N/A","N/A","18117","126","N/A","N/A","N/A","312","N/A","N/A"
"2025-05-13","17727","N/A","130557","N/A","N/A","100","N/A","18142","86","N/A","N/A","N/A","312","N/A","N/A"
"2025-05-14","17856","N/A","130687","N/A","N/A","N/A","N/A","18153","150","N/A","N/A","N/A","312","N/A","N/A"
"2025-05-15","18013","N/A","131463","N/A","N/A","200","N/A","18182","443","N/A","N/A","N/A","312","N/A","N/A"
"2025-05-16","18212","N/A","132193","N/A","N/A","100","N/A","18214","446","N/A","N/A","N/A","312","N/A","N/A"
"2025-05-17","18416","N/A","133366","N/A","N/A","100","N/A","18250","241","N/A","N/A","N/A","312","N/A","N/A"
"2025-05-18","18895","N/A","135449","N/A","N/A","300","N/A","18312","155","N/A","N/A","N/A","312","N/A","N/A"
"2025-05-19","843","175448","135449","N/A","N/A","500","72156","149","1551","0","0","302","N/A","N/A","5"
"2025-05-19","19439","N/A","136502","N/A","N/A","100","N/A","18335","46","N/A","N/A","N/A","312","N/A","N/A"
"2025-05-20","19814","N/A","139291","N/A","N/A","N/A","N/A","18375","47","N/A","N/A","N/A","312","N/A","N/A"
"2025-05-21","20205","N/A","142343","N/A","N/A","300","N/A","18404","20","N/A","N/A","N/A","314","N/A","N/A"
"2025-05-22","20466","N/A","145942","N/A","N/A","N/A","N/A","18438","275","N/A","N/A","N/A","314","N/A","N/A"
"2025-05-23","20699","N/A","149328","N/A","N/A","300","N/A","18461","265","N/A","N/A","N/A","314","N/A","N/A"
"2025-05-24","20948","N/A","152163","N/A","N/A","100","N/A","18481","256","N/A","N/A","N/A","314","N/A","N/A"
"2025-05-25","21198","N/A","154294","N/A","N/A","100","N/A","18504","138","N/A","N/A","N/A","314","N/A","N/A"
"2025-05-26","2532","205515","154294","N/A","N/A","1100","89249","231","1064","0","0","278","2","N/A","9"
"2025-05-26","21560","N/A","156654","N/A","N/A","200","N/A","18547","102","N/A","N/A","N/A","315","N/A","N/A"
"2025-05-27","22062","N/A","160149","N/A","N/A","200","N/A","18547","N/A","N/A","N/A","N/A","315","N/A","N/A"
"2025-05-28","22660","N/A","165074","N/A","N/A","100","N/A","18589","62","N/A","N/A","N/A","315","N/A","N/A"
"2025-05-29","23276","N/A","172657","N/A","N/A","N/A","N/A","18607","272","N/A","N/A","N/A","315","N/A","N/A"
"2025-05-30","23595","N/A","178834","N/A","N/A","200","N/A","18626","299","N/A","N/A","N/A","315","N/A","N/A"
"2025-05-31","23919","N/A","186733","N/A","N/A","200","N/A","18677","78","N/A","N/A","N/A","315","N/A","N/A"
"2025-06-01","24269","N/A","193867","N/A","N/A","N/A","N/A","18727","76","N/A","N/A","N/A","315","N/A","N/A"
"2025-06-02","2971","270986","193867","N/A","N/A","1000","83762","196","951","3","0","119","1","N/A","87"
"2025-06-02","24565","N/A","197702","N/A","N/A","N/A","N/A","18783","50","N/A","N/A","N/A","315","N/A","N/A"
"2025-06-03","24825","N/A","202626","N/A","N/A","300","N/A","18799","24","N/A","N/A","N/A","315","N/A","N/A"
"2025-06-04","25090","N/A","207440","N/A","N/A","400","N/A","18813","69","N/A","N/A","N/A","315","N/A","N/A"
"2025-06-05","25938","N/A","214504","N/A","N/A","N/A","N/A","19003","263","N/A","N/A","N/A","315","N/A","N/A"
"2025-06-06","27585","N/A","224381","N/A","N/A","900","N/A","19118","858","N/A","N/A","N/A","333","N/A","N/A"
"2025-06-07","29251","N/A","239096","N/A","N/A","600","N/A","19205","221","N/A","N/A","N/A","338","N/A","N/A"
"2025-06-08","30936","N/A","256536","N/A","N/A","N/A","N/A","19359","198","N/A","N/A","N/A","338","N/A","N/A"
"2025-06-09","5332","424088","256536","N/A","N/A","2200","135199","528","1561","10","0","410","23","N/A","145"
"2025-06-09","33114","N/A","273938","N/A","N/A","N/A","N/A","19459","125","N/A","N/A","N/A","344","N/A","N/A"
"2025-06-10","34501","N/A","343358","N/A","N/A","N/A","N/A","19459","N/A","N/A","N/A","N/A","348","N/A","N/A"
"2025-06-11","36246","N/A","395733","N/A","N/A","N/A","N/A","19459","N/A","N/A","N/A","N/A","353","N/A","N/A"
"2025-06-12","38591","N/A","468794","N/A","N/A","N/A","N/A","19710","509","N/A","N/A","N/A","357","N/A","N/A"
"2025-06-13","39782","N/A","516659","N/A","N/A","N/A","N/A","19758","665","N/A","N/A","N/A","359","N/A","N/A"
"2025-06-14","40722","N/A","562369","N/A","N/A","2800","N/A","19824","601","N/A","N/A","N/A","359","N/A","N/A"
"2025-06-15","41625","N/A","594321","N/A","N/A","200","N/A","19905","455","N/A","N/A","N/A","359","N/A","N/A"
"2025-06-16","11471","984874","594321","N/A","N/A","2800","237690","619","2098","24","0","534","21","N/A","184"
"2025-06-16","42493","N/A","618506","N/A","N/A","N/A","N/A","19905","N/A","N/A","N/A","N/A","359","N/A","N/A"
"2025-06-17","43181","N/A","716383","N/A","N/A","N/A","N/A","19905","N/A","N/A","N/A","N/A","359","N/A","N/A"
"2025-06-18","44132","N/A","769140","N/A","N/A","N/A","N/A","19905","N/A","N/A","N/A","N/A","359","N/A","N/A"
"2025-06-19","48850","N/A","831434","N/A","N/A","N/A","N/A","19905","N/A","N/A","N/A","N/A","359","N/A","N/A"
"2025-06-20","59322","N/A","892032","N/A","N/A","N/A","N/A","19905","N/A","N/A","N/A","N/A","359","N/A","N/A"
"2025-06-21","70408","N/A","955920","N/A","N/A","8500","N/A","19905","N/A","N/A","N/A","N/A","359","N/A","N/A"
"2025-06-22","80880","N/A","1019064","N/A","N/A","800","N/A","19905","N/A","N/A","N/A","N/A","359","N/A","N/A"
"2025-06-23","29686","1646983","1019064","N/A","741","8700","532507","163088","17301","32","0","220166","30","N/A","182"
"2025-06-23","86540","N/A","1067924","N/A","N/A","N/A","N/A","237250","22462","N/A","N/A","N/A","401","N/A","N/A"
"2025-06-24","92683","N/A","1329293","N/A","N/A","3200","N/A","237250","N/A","N/A","N/A","N/A","403","N/A","N/A"
"2025-06-25","98724","N/A","1430485","N/A","N/A","600","N/A","237250","N/A","N/A","N/A","N/A","403","N/A","N/A"
"2025-06-26","103322","N/A","1500845","N/A","N/A","1800","N/A","237250","N/A","N/A","N/A","N/A","409","N/A","N/A"
"2025-06-27","107243","N/A","1576976","N/A","N/A","1200","N/A","237250","N/A","N/A","N/A","N/A","415","N/A","N/A"
"2025-06-28","111384","N/A","1649460","360270","5942","1000","N/A","237250","N/A","N/A","N/A","N/A","423","N/A","N/A"
"2025-06-29","115190","N/A","1740636","360270","N/A","800","N/A","237250","N/A","N/A","N/A","N/A","423","N/A","N/A"
"2025-06-30","40976","2059292","1740636","N/A","5201","8600","714519","105209","51746","31","0","221176","34","N/A","194"
"2025-06-30","118055","N/A","1740636","360270","N/A","500","N/A","237250","N/A","N/A","N/A","N/A","426","N/A","N/A"
"2025-07-01","120146","N/A","1778298","360270","N/A","1000","N/A","237250","N/A","N/A","N/A","N/A","428","N/A","N/A"
"2025-07-02","121993","N/A","1811102","360270","N/A","600","N/A","237250","N/A","N/A","N/A","N/A","429","N/A","N/A"
"2025-07-03","123749","N/A","1840686","360270","N/A","300","N/A","372911","123025","N/A","N/A","N/A","430","N/A","N/A"
"2025-07-04","127827","N/A","1840686","360270","N/A","600","N/A","386848","34708","N/A","N/A","N/A","436","N/A","N/A"
"2025-07-05","127827","N/A","1886160","360270","N/A","500","N/A","394738","20612","N/A","N/A","N/A","436","N/A","N/A"
"2025-07-06","129645","N/A","1900268","360270","N/A","1000","N/A","401365","16876","N/A","N/A","N/A","436","N/A","N/A"
"2025-07-07","17352","1950629","1900268","N/A","N/A","4300","539833","106617","132215","39","0","76628","14","N/A","161"
"2025-07-07","130965","N/A","1910566","360270","N/A","400","N/A","406629","18990","N/A","N/A","N/A","439","N/A","N/A"
"2025-07-08","131935","N/A","1899594","360270","N/A","500","N/A","406629","N/A","N/A","N/A","N/A","440","N/A","N/A"
"2025-07-09","133140","N/A","1893878","360270","N/A","300","N/A","406629","N/A","N/A","N/A","N/A","440","N/A","N/A"
"2025-07-10","134621","N/A","1871125","360270","N/A","600","N/A","406629","N/A","N/A","N/A","N/A","441","N/A","N/A"
"2025-07-11","136430","N/A","1855024","360270","N/A","1000","N/A","427832","14396","N/A","N/A","N/A","445","N/A","N/A"
"2025-07-12","138136","N/A","1855024","360270","N/A","500","N/A","435325","16632","N/A","N/A","N/A","445","N/A","N/A"
"2025-07-13","139923","N/A","1819112","360270","N/A","500","N/A","443044","16325","N/A","N/A","N/A","449","N/A","N/A"
"2025-07-14","9400","1198961","1819112","41062","21985","4300","426723","40587","66894","52","0","56825","10","N/A","118"
"2025-07-14","141521","N/A","1806377","360270","N/A","600","N/A","446768","8886","N/A","N/A","N/A","450","N/A","N/A"
"2025-07-15","142901","N/A","1769384","360270","N/A","700","N/A","446768","N/A","N/A","N/A","N/A","452","N/A","N/A"
"2025-07-16","144714","N/A","1750544","442400","43973","1000","N/A","446768","N/A","N/A","N/A","N/A","455","N/A","N/A"
"2025-07-17","147291","N/A","1725450","442400","N/A","800","N/A","472941","16921","N/A","N/A","N/A","457","N/A","N/A"
"2025-07-18","149939","N/A","1697446","442400","N/A","1000","N/A","472941","N/A","N/A","N/A","N/A","458","N/A","N/A"
"2025-07-19","152678","N/A","1697446","442400","N/A","1100","N/A","494489","36733","N/A","N/A","N/A","462","N/A","N/A"
"2025-07-20","155532","N/A","1649130","442400","N/A","700","N/A","503593","20925","N/A","N/A","N/A","463","N/A","N/A"
"2025-07-21","14542","2149355","1649130","41068","21988","5700","595172","59164","78865","67","0","134381","15","N/A","211"
"2025-07-21","157827","N/A","1628251","442400","N/A","800","N/A","503593","N/A","N/A","N/A","N/A","464","N/A","N/A"
"2025-07-22","159706","N/A","1488772","442400","N/A","800","N/A","523260","51223","N/A","N/A","N/A","466","N/A","N/A"
"2025-07-24","163694","N/A","1372407","442400","N/A","800","N/A","523260","N/A","N/A","N/A","N/A","468","N/A","N/A"
"2025-07-25","165511","N/A","1317681","442400","N/A","1800","N/A","547916","19103","N/A","N/A","N/A","472","N/A","N/A"
"2025-07-26","167751","N/A","1254893","442400","N/A","600","N/A","561443","38457","N/A","N/A","N/A","476","N/A","N/A"
"2025-07-27","172240","N/A","1216908","442400","N/A","1200","N/A","571285","38429","N/A","N/A","N/A","478","N/A","N/A"
"2025-07-28","15073","2054447","1216908","6150","1362","6200","614699","66954","129708","78","0","127812","14","N/A","264"
"2025-07-28","175256","N/A","1182004","442400","N/A","900","N/A","582052","28260","N/A","N/A","N/A","483","N/A","N/A"
"2025-07-29","177225","N/A","1179429","442400","N/A","800","N/A","585256","15387","N/A","N/A","N/A","483","N/A","N/A"
"2025-07-30","179149","N/A","1174657","442400","N/A","1200","N/A","597737","23241","N/A","N/A","N/A","489","N/A","N/A"
"2025-07-31","181051","N/A","1163689","442400","N/A","800","N/A","604403","10560","N/A","N/A","N/A","492","N/A","N/A"
"2025-08-01","183047","N/A","1163689","442400","N/A","500","N/A","613156","15830","N/A","N/A","N/A","498","N/A","N/A"
"2025-08-02","185557","N/A","1155841","491600","10910","800","N/A","622886","34772","N/A","N/A","N/A","501","N/A","N/A"
"2025-08-03","187612","N/A","1157160","491600","N/A","600","N/A","626531","13050","N/A","N/A","N/A","502","N/A","N/A"
"2025-08-04","17806","2208611","1157160","43050","9548","6200","622291","61443","166479","72","0","96102","25","N/A","390"
"2025-08-04","189325","N/A","1159695","491600","N/A","500","N/A","626531","N/A","N/A","N/A","N/A","503","N/A","N/A"
"2025-08-05","190571","N/A","1169961","491600","N/A","800","N/A","635819","24549","N/A","N/A","N/A","504","N/A","N/A"
"2025-08-06","192144","N/A","1172469","491600","N/A","600","N/A","635819","N/A","N/A","N/A","N/A","506","N/A","N/A"
"2025-08-07","193387","N/A","1173201","491600","N/A","500","N/A","647409","27393","N/A","N/A","N/A","506","N/A","N/A"
"2025-08-08","194818","N/A","1181353","491600","N/A","600","N/A","659026","27642","N/A","N/A","N/A","510","N/A","N/A"
"2025-08-09","196499","N/A","1192440","491600","N/A","700","N/A","664262","11004","N/A","N/A","N/A","513","N/A","N/A"
"2025-08-10","198102","N/A","1202903","491600","N/A","400","N/A","669597","15583","N/A","N/A","N/A","514","N/A","N/A"
"2025-08-11","10942","2228766","1202903","7310","21105","4300","549988","41376","103638","71","0","49889","12","N/A","215"
"2025-08-11","199321","N/A","1213691","491600","N/A","500","N/A","673762","17176","N/A","N/A","N/A","516","N/A","N/A"
"2025-08-12","200340","N/A","1229326","491600","N/A","300","N/A","673762","N/A","N/A","N/A","N/A","517","N/A","N/A"
"2025-08-13","201675","N/A","1244024","491600","N/A","800","N/A","687372","32584","N/A","N/A","N/A","518","N/A","N/A"
"2025-08-14","203103","N/A","1259215","511100","56280","600","N/A","693656","15772","N/A","N/A","N/A","521","N/A","N/A"
"2025-08-15","204495","N/A","1273717","511100","N/A","600","N/A","693656","N/A","N/A","N/A","N/A","521","N/A","N/A"
"2025-08-16","206125","N/A","1280097","511100","N/A","600","N/A","709317","27419","N/A","N/A","N/A","521","N/A","N/A"
"2025-08-17","207649","N/A","1284287","511100","N/A","400","N/A","713229","13797","N/A","N/A","N/A","521","N/A","N/A"
"2025-08-18","9626","2262440","1284287","15700","40443","3800","478079","45055","108534","72","0","83182","8","N/A","153"
"2025-08-18","209038","N/A","1289445","511100","N/A","400","N/A","713229","N/A","N/A","N/A","N/A","522","N/A","N/A"
"2025-08-19","209981","N/A","1299729","511100","N/A","400","N/A","713229","N/A","N/A","N/A","N/A","524","N/A","N/A"
"2025-08-20","210875","N/A","1312263","511100","N/A","500","N/A","713229","N/A","N/A","N/A","N/A","524","N/A","N/A"
"2025-08-21","211864","N/A","1323509","523400","18438","400","N/A","728005","24693","N/A","N/A","N/A","525","N/A","N/A"
"2025-08-22","212884","N/A","1337789","523400","N/A","600","N/A","732719","16864","N/A","N/A","N/A","529","N/A","N/A"
"2025-08-23","214095","N/A","1360419","523400","N/A","700","N/A","738352","16849","N/A","N/A","N/A","529","N/A","N/A"
"2025-08-24","215562","N/A","1379955","523400","N/A","600","N/A","742769","15945","N/A","N/A","N/A","533","N/A","N/A"
"2025-08-25","7970","2301024","1379955","15015","17832","3400","501601","29035","72203","71","0","61370","10","N/A","135"
"2025-08-25","216715","N/A","1394044","523400","N/A","400","N/A","746554","14176","N/A","N/A","N/A","533","N/A","N/A"
"2025-08-27","218447","N/A","1410081","523400","N/A","1400","N/A","754885","22192","N/A","N/A","N/A","539","N/A","N/A"
"2025-08-28","221232","N/A","1429395","545200","16322","1000","N/A","767877","34698","N/A","N/A","N/A","542","N/A","N/A"
"2025-08-29","223979","N/A","1450371","545200","N/A","300","N/A","772677","13936","N/A","N/A","N/A","546","N/A","N/A"
"2025-08-30","226133","N/A","1473704","545200","N/A","1000","N/A","783946","30449","N/A","N/A","N/A","547","N/A","N/A"
"2025-08-31","227865","N/A","1496638","545200","N/A","600","N/A","784790","2517","N/A","N/A","N/A","548","N/A","N/A"
"2025-09-01","12038","2687729","1496638","21335","35067","4900","595140","45594","147930","61","0","116729","16","N/A","187"
"2025-09-01","229085","N/A","1518810","545200","N/A","300","N/A","790694","13418","N/A","N/A","N/A","549","N/A","N/A"
"2025-09-02","230086","N/A","1548141","559600","58519","500","N/A","794232","10437","N/A","N/A","N/A","551","N/A","N/A"
"2025-09-03","230970","N/A","1573758","559600","N/A","500","N/A","798882","13420","N/A","N/A","N/A","551","N/A","N/A"
"2025-09-04","232008","N/A","1601591","559600","N/A","400","N/A","802025","8299","N/A","N/A","N/A","553","N/A","N/A"
"2025-09-05","233081","N/A","1620013","559600","N/A","600","N/A","802025","N/A","N/A","N/A","N/A","555","N/A","N/A"
"2025-09-06","233081","N/A","1620013","559600","N/A","500","N/A","815072","15490","N/A","N/A","N/A","556","N/A","N/A"
"2025-09-07","233081","N/A","1620013","559600","N/A","300","N/A","820456","9923","N/A","N/A","N/A","557","N/A","N/A"
"2025-09-08","7729","2056775","1620013","8640","52298","3400","472633","31126","63581","64","0","46167","9","N/A","127"
"2025-09-08","235424","N/A","1651919","559600","25780","400","N/A","822825","6446","N/A","N/A","N/A","557","N/A","N/A"
"2025-09-09","237122","N/A","1651919","559600","N/A","200","N/A","822825","N/A","N/A","N/A","N/A","558","N/A","N/A"
"2025-09-10","237969","N/A","1663650","559600","N/A","400","N/A","830662","12517","N/A","N/A","N/A","559","N/A","N/A"
"2025-09-11","238824","N/A","1665866","559600","N/A","400","N/A","830662","N/A","N/A","N/A","N/A","559","N/A","N/A"
"2025-09-13","240647","N/A","1682896","559600","N/A","400","N/A","836231","N/A","N/A","N/A","N/A","564","N/A","N/A"
"2025-09-14","241669","N/A","1691021","565500","12293","300","N/A","842353","9693","N/A","N/A","N/A","567","N/A","N/A"
"2025-09-15","6785","3484154","1691021","5162","18838","2500","410403","24220","44063","67","0","49486","8","N/A","86"
"2025-09-15","242423","N/A","1691021","565500","N/A","300","N/A","844946","7372","N/A","N/A","N/A","570","N/A","N/A"
"2025-09-16","242999","N/A","1691021","565500","N/A","400","N/A","844946","N/A","N/A","N/A","N/A","570","N/A","N/A"
"2025-09-17","243625","N/A","1724341","565500","N/A","100","N/A","849778","10080","N/A","N/A","N/A","572","N/A","N/A"
"2025-09-18","244378","N/A","1736570","565500","N/A","300","N/A","854341","9258","N/A","N/A","N/A","573","N/A","N/A"
"2025-09-19","245142","N/A","1746431","565500","N/A","400","N/A","854341","N/A","N/A","N/A","N/A","574","N/A","N/A"
"2025-09-20","246164","N/A","1746413","565500","N/A","400","N/A","865596","12222","N/A","N/A","N/A","574","N/A","N/A"
"2025-09-21","247430","N/A","1744142","568200","18287","500","N/A","865596","N/A","N/A","N/A","N/A","575","N/A","N/A"
"2025-09-22","5517","2777526","1744142","3052","17723","2200","445155","26304","43779","64","0","39805","10","N/A","92"
"2025-09-22","248534","N/A","1750418","568200","N/A","200","N/A","876470","28800","N/A","N/A","N/A","576","N/A","N/A"
"2025-09-23","249341","N/A","1752521","568200","N/A","400","N/A","876470","N/A","N/A","N/A","N/A","576","N/A","N/A"
"2025-09-24","250156","N/A","1762288","568200","N/A","100","N/A","883996","74041","N/A","N/A","N/A","578","N/A","N/A"
"2025-09-25","251121","N/A","1769606","568200","N/A","400","N/A","888815","17792","N/A","N/A","N/A","579","N/A","N/A"
"2025-09-26","252082","N/A","1773959","568200","N/A","600","N/A","888815","N/A","N/A","N/A","N/A","581","N/A","N/A"
"2025-09-27","253209","N/A","1772246","568200","N/A","400","N/A","900125","18576","N/A","N/A","N/A","582","N/A","N/A"
"2025-09-28","254511","N/A","1775243","571400","18441","300","N/A","905775","20970","N/A","N/A","N/A","585","N/A","N/A"
"2025-09-29","7045","2896980","1775243","3128","18419","2600","405950","34529","139209","60","0","51169","8","N/A","152"
"2025-09-29","255623","N/A","1776280","571400","N/A","400","N/A","908350","5634","N/A","N/A","N/A","586","N/A","N/A"
"2025-09-30","256489","N/A","1766965","571400","N/A","300","N/A","911376","4316","N/A","N/A","N/A","587","N/A","N/A"
"2025-10-01","257483","N/A","1771429","571400","N/A","400","N/A","915251","9535","N/A","N/A","N/A","588","N/A","N/A"
"2025-10-02","258497","N/A","1762539","571400","N/A","800","N/A","920010","20801","N/A","N/A","N/A","589","N/A","N/A"
"2025-10-03","261486","N/A","1766816","571400","N/A","800","N/A","920010","N/A","N/A","N/A","N/A","590","N/A","N/A"
"2025-10-04","264465","N/A","1775883","582300","9326","200","N/A","937882","35327","N/A","N/A","N/A","595","N/A","N/A"
"2025-10-05","267057","N/A","1792178","582300","N/A","3000","N/A","938591","6679","N/A","N/A","N/A","596","N/A","N/A"
"2025-10-06","11256","3056214","1792178","11358","11961","3200","524627","37757","96583","55","0","100648","13","N/A","469"
"2025-10-06","268616","N/A","1806844","582300","N/A","2000","N/A","942660","32907","N/A","N/A","N/A","596","N/A","N/A"
"2025-10-07","269799","N/A","1856850","582300","N/A","1000","N/A","947324","31664","N/A","N/A","N/A","596","N/A","N/A"
"2025-10-08","271084","N/A","1895235","586200","33751","1000","N/A","952756","36048","N/A","N/A","N/A","597","N/A","N/A"
"2025-10-09","272674","N/A","1938589","586200","N/A","1000","N/A","958827","27736","N/A","N/A","N/A","598","N/A","N/A"
"2025-10-10","274281","N/A","1959670","586200","N/A","1000","N/A","966049","16429","N/A","N/A","N/A","599","N/A","N/A"
"2025-10-11","275724","N/A","1981056","586200","N/A","N/A","N/A","975050","21387","N/A","N/A","N/A","601","N/A","N/A"
"2025-10-12","277217","N/A","2003782","586200","N/A","1000","N/A","980207","12548","N/A","N/A","N/A","602","N/A","N/A"
"2025-10-13","11259","3640529","2003782","5280","44517","9500","633635","37168","172850","56","0","64037","6","N/A","478"
"2025-10-13","278392","N/A","2022608","588500","17946","N/A","N/A","984100","13699","N/A","N/A","N/A","603","N/A","N/A"
"2025-10-14","279283","N/A","2037804","588500","N/A","1000","N/A","987609","6490","N/A","N/A","N/A","604","N/A","N/A"
"2025-10-15","280070","N/A","2041167","588500","N/A","N/A","N/A","993114","24750","N/A","N/A","N/A","606","N/A","N/A"
"2025-10-16","281003","N/A","2053883","588500","N/A","1000","N/A","995978","7850","N/A","N/A","N/A","607","N/A","N/A"
"2025-10-17","282063","N/A","2053699","588500","N/A","1000","N/A","1001505","12117","N/A","N/A","N/A","607","N/A","N/A"
"2025-10-18","283270","N/A","2056243","588500","N/A","1000","N/A","1006837","9267","N/A","N/A","N/A","610","N/A","N/A"
"2025-10-19","284404","N/A","2064573","588500","N/A","N/A","N/A","1012365","17193","N/A","N/A","N/A","611","N/A","N/A"
"2025-10-20","7546","3247917","2064573","2490","15010","4500","611110","31787","86721","74","0","43225","9","N/A","274"
"2025-10-20","285215","N/A","2067182","590700","10964","1000","N/A","1013670","2499","N/A","N/A","N/A","613","N/A","N/A"
"2025-10-21","285849","N/A","2077851","590700","N/A","N/A","N/A","1016612","4492","N/A","N/A","N/A","613","N/A","N/A"
"2025-10-22","286488","N/A","2078495","590700","N/A","N/A","N/A","1019730","12060","N/A","N/A","N/A","616","N/A","N/A"
"2025-10-23","287224","N/A","2073544","590700","N/A","1000","N/A","1022731","8859","N/A","N/A","N/A","616","N/A","N/A"
"2025-10-24","287948","N/A","2067200","590700","N/A","N/A","N/A","1027221","4950","N/A","N/A","N/A","617","N/A","N/A"
"2025-10-25","288763","N/A","2070636","590700","N/A","N/A","N/A","1030573","4972","N/A","N/A","N/A","619","N/A","N/A"
"2025-10-26","289600","N/A","2078776","590700","N/A","1000","N/A","1033241","6689","N/A","N/A","N/A","622","N/A","N/A"